timestamp,step,x,y,yaw,v,omega,x_ref,y_ref,yaw_ref,v_ref,curvature_ref,lateral_error,heading_error,velocity_error,longitudinal_error,accel,steering_angle,jerk_accel,steering_rate,mpc_comp_time_ms,mpc_status,min_clearance,nearest_obstacle_id,collision_detected,collision_count,active_destination_id,goal_x,goal_y,replan_count,replan_in_progress,route_completion_ratio
0.0,0,0.0,0.0,0.465,0.0808,-0.0001,0.0,0.0,0.4658,1.5,-0.0,0.0,-0.0008,-1.5,0.0,1.617,-0.0008,0.0,0.0,0.107,1,999.0,none,0,0,DEST_BAY_02,30.0,1.9021,0,0,0.0
0.05,1,0.0036,0.0018,0.4651,0.159,0.0026,0.0036,0.0,0.4658,1.5,-0.0,0.0,-0.0008,-1.4192,0.0,1.5624,0.0198,-1.0923,0.4112,0.164,1,999.0,none,0,0,DEST_BAY_02,30.0,1.9021,0,0,0.0001
0.1,2,0.0107,0.0054,0.4651,0.2336,0.0006,0.0107,0.0018,0.4658,1.5,-0.0001,-0.0,-0.0007,-1.341,0.0,1.4918,0.003,-1.4119,-0.335,0.21,1,999.0,none,0,0,DEST_BAY_02,30.0,1.9021,0,0,0.0004
0.15,3,0.0212,0.0106,0.4651,0.3022,0.0,0.0212,0.0054,0.4658,1.5,-0.0002,-0.0,-0.0007,-1.2664,0.0,1.3726,0.0002,-2.3839,-0.0575,0.209,1,999.0,none,0,0,DEST_BAY_02,30.0,1.9021,0,0,0.0007
0.2,4,0.0347,0.0174,0.4651,0.3675,0.0003,0.0347,0.0106,0.4658,1.5,-0.0005,-0.0,-0.0007,-1.1978,0.0,1.3059,0.0009,-1.3332,0.0149,0.193,1,999.0,none,0,0,DEST_BAY_02,30.0,1.9021,0,0,0.0012
0.25,5,0.0511,0.0256,0.4652,0.429,0.0029,0.0511,0.0174,0.4658,1.5,-0.0008,-0.0,-0.0007,-1.1325,0.0,1.2305,0.0082,-1.5084,0.1458,0.221,1,999.0,none,0,0,DEST_BAY_02,30.0,1.9021,0,0,0.0017
0.3,6,0.0703,0.0353,0.4654,0.4892,0.0043,0.0703,0.0257,0.4657,1.5,-0.0012,-0.0,-0.0005,-1.071,0.0,1.2033,0.0106,-0.5448,0.0475,0.109,1,999.0,none,0,0,DEST_BAY_02,30.0,1.9021,0,0,0.0023
0.35,7,0.0921,0.0462,0.4654,0.5444,0.0008,0.0921,0.0353,0.4657,1.5,-0.0016,-0.0,-0.0003,-1.0108,0.0,1.104,0.0017,-1.9855,-0.1782,0.2,1,999.0,none,0,0,DEST_BAY_02,30.0,1.9021,0,0,0.0031
0.4,8,0.1164,0.0584,0.4654,0.5961,-0.0013,0.1164,0.0463,0.4657,1.5,-0.0021,-0.0001,-0.0002,-0.9556,0.0,1.034,-0.0026,-1.399,-0.0842,0.102,1,999.0,none,0,0,DEST_BAY_02,30.0,1.9021,0,0,0.0039
0.45,9,0.1431,0.0718,0.4654,0.6465,0.0012,0.1431,0.0585,0.4656,1.5,-0.0026,-0.0001,-0.0002,-0.9039,0.0,1.0093,0.0022,-0.494,0.0941,0.159,1,999.0,none,0,0,DEST_BAY_02,30.0,1.9021,0,0,0.0048
0.5,10,0.172,0.0863,0.4655,0.6937,0.0014,0.172,0.0719,0.4655,1.5,-0.0032,-0.0001,-0.0001,-0.8535,0.0,0.9438,0.0025,-1.3117,0.0065,0.246,1,999.0,none,0,0,DEST_BAY_02,30.0,1.9021,0,0,0.0057
0.55,11,0.203,0.1019,0.4653,0.7378,-0.004,0.203,0.0864,0.4654,1.5,-0.0039,-0.0001,0.0001,-0.8063,0.0,0.8823,-0.0065,-1.2291,-0.1792,0.106,1,999.0,none,0,0,DEST_BAY_02,30.0,1.9021,0,0,0.0068
0.6,12,0.2359,0.1185,0.4654,0.7775,0.0009,0.2359,0.102,0.4652,1.5,-0.0046,-0.0001,0.0001,-0.7622,0.0,0.793,0.0014,-1.7861,0.1575,0.246,1,999.0,none,0,0,DEST_BAY_02,30.0,1.9021,0,0,0.0079
0.65,13,0.2707,0.1359,0.4651,0.8174,-0.0066,0.2707,0.1185,0.4651,1.5,-0.0053,-0.0001,0.0003,-0.7225,0.0,0.7976,-0.0096,0.0916,-0.2204,0.226,1,999.0,none,0,0,DEST_BAY_02,30.0,1.9021,0,0,0.009
0.7,14,0.3072,0.1542,0.4652,0.8556,0.0034,0.3072,0.1359,0.4648,1.5,-0.0061,-0.0,0.0002,-0.6826,0.0,0.7651,0.0048,-0.6489,0.2888,0.223,1,999.0,none,0,0,DEST_BAY_02,30.0,1.9021,0,0,0.0102
0.75,15,0.3454,0.1734,0.4653,0.8916,0.0008,0.3454,0.1543,0.4646,1.5,-0.007,-0.0,0.0006,-0.6444,0.0,0.7197,0.0011,-0.908,-0.074,0.164,1,999.0,none,0,0,DEST_BAY_02,30.0,1.9021,0,0,0.0115
0.8,16,0.3853,0.1934,0.4651,0.9256,-0.0035,0.3853,0.1734,0.4643,1.5,-0.0078,0.0,0.001,-0.6084,0.0,0.6787,-0.0045,-0.8203,-0.1121,0.292,1,999.0,none,0,0,DEST_BAY_02,30.0,1.9021,0,0,0.0128
0.85,17,0.4266,0.2142,0.4652,0.9566,0.0031,0.4266,0.1934,0.4639,1.5,-0.0087,0.0001,0.0012,-0.5744,0.0,0.6203,0.0039,-1.1686,0.1679,0.135,1,999.0,none,0,0,DEST_BAY_02,30.0,1.9021,0,0,0.0142
0.9,18,0.4694,0.2356,0.4656,0.9858,0.0069,0.4694,0.214,0.4635,1.5,-0.0097,0.0001,0.0018,-0.5434,0.0,0.584,0.0084,-0.7261,0.0891,0.103,1,999.0,none,0,0,DEST_BAY_02,30.0,1.9021,0,0,0.0156
0.95,19,0.5134,0.2578,0.4655,1.0139,-0.0021,0.5134,0.2354,0.463,1.5,-0.0106,0.0002,0.0026,-0.5142,0.0,0.5634,-0.0024,-0.411,-0.2159,0.27,1,999.0,none,0,0,DEST_BAY_02,30.0,1.9021,0,0,0.0171
1.0,20,0.5587,0.2805,0.4649,1.0397,-0.0128,0.5587,0.2574,0.4624,1.5,-0.0117,0.0004,0.003,-0.4861,0.0,0.5155,-0.0148,-0.959,-0.2466,0.227,1,999.0,none,0,0,DEST_BAY_02,30.0,1.9021,0,0,0.0186
1.05,21,0.6052,0.3038,0.4649,1.0658,0.0009,0.6052,0.2799,0.4618,1.5,-0.0127,0.0005,0.003,-0.4603,0.0,0.5208,0.001,0.1064,0.3151,0.278,1,999.0,none,0,0,DEST_BAY_02,30.0,1.9021,0,0,0.0202
1.1,22,0.6528,0.3277,0.4644,1.0903,-0.0099,0.6528,0.303,0.4611,1.5,-0.0137,0.0007,0.0038,-0.4342,0.0,0.4909,-0.0108,-0.5974,-0.2365,0.171,1,999.0,none,0,0,DEST_BAY_02,30.0,1.9021,0,0,0.0218
1.15,23,0.7016,0.3521,0.4641,1.1122,-0.0071,0.7016,0.3267,0.4604,1.5,-0.0148,0.0009,0.004,-0.4097,0.0,0.4387,-0.0077,-1.045,0.0631,0.154,1,999.0,none,0,0,DEST_BAY_02,30.0,1.9021,0,0,0.0234
1.2,24,0.7513,0.377,0.4644,1.1336,0.0075,0.7513,0.3508,0.4595,1.5,-0.016,0.0012,0.0045,-0.3878,0.0,0.4277,0.008,-0.22,0.3131,0.222,1,999.0,none,0,0,DEST_BAY_02,30.0,1.9021,0,0,0.025
1.25,25,0.802,0.4024,0.4644,1.153,0.0001,0.802,0.3754,0.4586,1.5,-0.0171,0.0015,0.0058,-0.3664,0.0,0.3885,0.0001,-0.7843,-0.1571,0.162,1,999.0,none,0,0,DEST_BAY_02,30.0,1.9021,0,0,0.0267
1.3,26,0.8535,0.4282,0.4647,1.173,0.0062,0.8535,0.4004,0.4576,1.5,-0.0183,0.0018,0.0068,-0.347,0.0,0.399,0.0063,0.2112,0.1244,0.283,1,999.0,none,0,0,DEST_BAY_02,30.0,1.9021,0,0,0.0285
1.35,27,0.9059,0.4545,0.4645,1.1906,-0.0052,0.9059,0.4257,0.4565,1.5,-0.0194,0.0022,0.0082,-0.327,0.0,0.3514,-0.0052,-0.9523,-0.2312,0.218,1,999.0,none,0,0,DEST_BAY_02,30.0,1.9021,0,0,0.0302
1.4,28,0.9592,0.4812,0.4639,1.2069,-0.0114,0.9592,0.4515,0.4554,1.5,-0.0207,0.0028,0.0091,-0.3094,0.0,0.327,-0.0113,-0.488,-0.1213,0.153,1,999.0,none,0,0,DEST_BAY_02,30.0,1.9021,0,0,0.032
1.45,29,1.0131,0.5082,0.4633,1.2239,-0.0132,1.0131,0.4775,0.4541,1.5,-0.0219,0.0033,0.0098,-0.2931,0.0,0.34,-0.0129,0.2599,-0.0319,0.181,1,999.0,none,0,0,DEST_BAY_02,30.0,1.9021,0,0,0.0338
1.5,30,1.0679,0.5355,0.463,1.2381,-0.0064,1.0679,0.5038,0.4527,1.5,-0.0231,0.004,0.0105,-0.2761,0.0,0.2831,-0.0062,-1.1388,0.1343,0.127,1,999.0,none,0,0,DEST_BAY_02,30.0,1.9021,0,0,0.0356
1.55,31,1.1233,0.5632,0.4621,1.2533,-0.0176,1.1233,0.5304,0.4513,1.5,-0.0244,0.0047,0.0117,-0.2619,0.0,0.3041,-0.0169,0.4211,-0.2142,0.291,1,999.0,none,0,0,DEST_BAY_02,30.0,1.9021,0,0,0.0374
1.6,32,1.1794,0.5911,0.4614,1.2661,-0.0138,1.1794,0.5571,0.4498,1.5,-0.0257,0.0054,0.0123,-0.2467,0.0,0.2576,-0.0131,-0.9305,0.0753,0.265,1,999.0,none,0,0,DEST_BAY_02,30.0,1.9021,0,0,0.0393
1.65,33,1.236,0.6193,0.4605,1.2792,-0.0174,1.236,0.5842,0.4481,1.5,-0.027,0.0063,0.0133,-0.2339,0.0,0.2614,-0.0163,0.0771,-0.0634,0.282,1,999.0,none,0,0,DEST_BAY_02,30.0,1.9021,0,0,0.0412
1.7,34,1.2933,0.6477,0.4598,1.2926,-0.0157,1.2933,0.6114,0.4464,1.5,-0.0283,0.0072,0.0142,-0.2208,0.0,0.2681,-0.0146,0.1329,0.0347,0.282,1,999.0,none,0,0,DEST_BAY_02,30.0,1.9021,0,0,0.0431
1.75,35,1.3513,0.6764,0.4584,1.3043,-0.0285,1.3513,0.6387,0.4445,1.5,-0.0297,0.0081,0.0152,-0.2074,0.0,0.2341,-0.0262,-0.6803,-0.2322,0.108,1,999.0,none,0,0,DEST_BAY_02,30.0,1.9021,0,0,0.045
1.8,36,1.4097,0.7053,0.4579,1.3154,-0.0091,1.4097,0.6662,0.4426,1.5,-0.0311,0.0092,0.0158,-0.1957,0.0,0.2223,-0.0083,-0.2364,0.3568,0.274,1,999.0,none,0,0,DEST_BAY_02,30.0,1.9021,0,0,0.047
1.85,37,1.4687,0.7343,0.4568,1.326,-0.0225,1.4687,0.6939,0.4405,1.5,-0.0324,0.0103,0.0174,-0.1846,0.0,0.2121,-0.0204,-0.2036,-0.2414,0.234,1,999.0,none,0,0,DEST_BAY_02,30.0,1.9021,0,0,0.049
1.9,38,1.5282,0.7636,0.4553,1.3357,-0.0305,1.5282,0.7216,0.4384,1.5,-0.0338,0.0115,0.0184,-0.174,0.0,0.1937,-0.0274,-0.3684,-0.1403,0.287,1,999.0,none,0,0,DEST_BAY_02,30.0,1.9021,0,0,0.0509
1.95,39,1.5882,0.793,0.4534,1.3446,-0.0369,1.5882,0.7494,0.4361,1.5,-0.0353,0.0128,0.0192,-0.1643,0.0,0.1769,-0.0329,-0.3341,-0.1101,0.28,1,999.0,none,0,0,DEST_BAY_02,30.0,1.9021,0,0,0.0529
2.0,40,1.6487,0.8224,0.4512,1.3551,-0.0454,1.6487,0.7773,0.4337,1.5,-0.0367,0.0142,0.0197,-0.1554,0.0,0.211,-0.0402,0.6807,-0.145,0.235,1,999.0,none,0,0,DEST_BAY_02,30.0,1.9021,0,0,0.055
2.05,41,1.7096,0.8519,0.4497,1.3628,-0.0292,1.7096,0.8052,0.4312,1.5,-0.0381,0.0156,0.02,-0.1449,0.0,0.1531,-0.0257,-1.1583,0.2885,0.222,1,999.0,none,0,0,DEST_BAY_02,30.0,1.9021,0,0,0.057
2.1,42,1.771,0.8816,0.4479,1.3694,-0.0363,1.771,0.8332,0.4286,1.5,-0.0396,0.0171,0.0211,-0.1372,0.0,0.1321,-0.0318,-0.4196,-0.1213,0.219,1,999.0,none,0,0,DEST_BAY_02,30.0,1.9021,0,0,0.059
2.15,43,1.8327,0.9112,0.4453,1.3753,-0.0532,1.8327,0.8611,0.4259,1.5,-0.0411,0.0186,0.022,-0.1306,0.0,0.1177,-0.0464,-0.2882,-0.2918,0.283,1,999.0,none,0,0,DEST_BAY_02,30.0,1.9021,0,0,0.0611
2.2,44,1.8948,0.9408,0.4429,1.3823,-0.0477,1.8948,0.889,0.4231,1.5,-0.0426,0.0203,0.0222,-0.1247,0.0,0.141,-0.0414,0.4659,0.1004,0.258,1,999.0,none,0,0,DEST_BAY_02,30.0,1.9021,0,0,0.0632
2.25,45,1.9572,0.9705,0.4404,1.3887,-0.0497,1.9572,0.9168,0.4201,1.5,-0.0441,0.0219,0.0228,-0.1177,0.0,0.1271,-0.0429,-0.2766,-0.0306,0.168,1,999.0,none,0,0,DEST_BAY_02,30.0,1.9021,0,0,0.0652
2.3,46,2.02,1.0001,0.4382,1.3954,-0.0458,2.02,0.9446,0.4171,1.5,-0.0456,0.0236,0.0234,-0.1113,0.0,0.1342,-0.0394,0.1404,0.0708,0.196,1,999.0,none,0,0,DEST_BAY_02,30.0,1.9021,0,0,0.0673
2.35,47,2.0832,1.0297,0.4356,1.4014,-0.0512,2.0832,0.9723,0.4139,1.5,-0.0471,0.0254,0.0243,-0.1046,0.0,0.1201,-0.0438,-0.2809,-0.0888,0.278,1,999.0,none,0,0,DEST_BAY_02,30.0,1.9021,0,0,0.0694
2.4,48,2.1467,1.0592,0.4327,1.4084,-0.0574,2.1467,0.9999,0.4106,1.5,-0.0487,0.0272,0.025,-0.0986,0.0,0.1406,-0.0489,0.4092,-0.1019,0.239,1,999.0,none,0,0,DEST_BAY_02,30.0,1.9021,0,0,0.0716
2.45,49,2.2107,1.0888,0.4306,1.4132,-0.0427,2.2107,1.0275,0.4072,1.5,-0.0502,0.0292,0.0256,-0.0916,0.0,0.0953,-0.0362,-0.9063,0.2529,0.289,1,999.0,none,0,0,DEST_BAY_02,30.0,1.9021,0,0,0.0737
2.5,50,2.2749,1.1183,0.4272,1.4181,-0.0679,2.2749,1.0549,0.4036,1.5,-0.0518,0.0311,0.027,-0.0868,0.0,0.0991,-0.0574,0.0761,-0.4223,0.224,1,999.0,none,0,0,DEST_BAY_02,30.0,1.9021,0,0,0.0758
2.55,51,2.3394,1.1476,0.4251,1.4231,-0.0425,2.3394,1.0822,0.3999,1.5,-0.0534,0.0332,0.0273,-0.0819,0.0,0.0999,-0.0358,0.016,0.4315,0.252,1,999.0,none,0,0,DEST_BAY_02,30.0,1.9021,0,0,0.078
2.6,52,2.4042,1.177,0.4225,1.428,-0.0531,2.4042,1.1093,0.3961,1.5,-0.055,0.0353,0.029,-0.0769,0.0,0.0966,-0.0446,-0.0647,-0.1766,0.229,1,999.0,none,0,0,DEST_BAY_02,30.0,1.9021,0,0,0.0801
2.65,53,2.4693,1.2063,0.4196,1.4317,-0.0577,2.4693,1.1363,0.3922,1.5,-0.0566,0.0376,0.0303,-0.072,0.0,0.0755,-0.0483,-0.4229,-0.0736,0.117,1,999.0,none,0,0,DEST_BAY_02,30.0,1.9021,0,0,0.0823
2.7,54,2.5347,1.2354,0.4157,1.4356,-0.078,2.5347,1.1631,0.3882,1.5,-0.0583,0.04,0.0314,-0.0683,0.0,0.0768,-0.0651,0.0261,-0.3368,0.21,1,999.0,none,0,0,DEST_BAY_02,30.0,1.9021,0,0,0.0845
2.75,55,2.6004,1.2644,0.412,1.4392,-0.0736,2.6004,1.1896,0.384,1.5,-0.0599,0.0424,0.0317,-0.0644,0.0,0.0719,-0.0613,-0.0977,0.0765,0.185,1,999.0,none,0,0,DEST_BAY_02,30.0,1.9021,0,0,0.0867
2.8,56,2.6663,1.2932,0.4084,1.4443,-0.0736,2.6663,1.216,0.3797,1.5,-0.0615,0.0449,0.0323,-0.0608,0.0,0.1029,-0.061,0.6194,0.0053,0.165,1,999.0,none,0,0,DEST_BAY_02,30.0,1.9021,0,0,0.0889
2.85,57,2.7326,1.3219,0.4048,1.4472,-0.0711,2.7326,1.2422,0.3753,1.5,-0.0632,0.0475,0.0331,-0.0557,0.0,0.0585,-0.0589,-0.8881,0.0438,0.174,1,999.0,none,0,0,DEST_BAY_02,30.0,1.9021,0,0,0.0911
2.9,58,2.7991,1.3504,0.4014,1.4502,-0.0677,2.7991,1.2681,0.3707,1.5,-0.0649,0.0502,0.0341,-0.0528,0.0,0.0591,-0.056,0.012,0.0577,0.117,1,999.0,none,0,0,DEST_BAY_02,30.0,1.9021,0,0,0.0933
2.95,59,2.8659,1.3787,0.3972,1.4518,-0.086,2.8659,1.2938,0.366,1.5,-0.0665,0.0529,0.0354,-0.0498,0.0,0.0321,-0.071,-0.5391,-0.2999,0.212,1,999.0,none,0,0,DEST_BAY_02,30.0,1.9021,0,0,0.0955
3.0,60,2.9328,1.4068,0.3925,1.456,-0.0943,2.9328,1.3192,0.3612,1.5,-0.0682,0.0557,0.0359,-0.0482,0.0,0.083,-0.0776,1.0179,-0.1319,0.251,1,999.0,none,0,0,DEST_BAY_02,30.0,1.9021,0,0,0.0978
3.05,61,3.0001,1.4347,0.3874,1.4593,-0.1012,3.0001,1.3443,0.3563,1.5,-0.0699,0.0586,0.0362,-0.044,0.0,0.0665,-0.0831,-0.3303,-0.1098,0.102,1,999.0,none,0,0,DEST_BAY_02,30.0,1.9021,0,0,0.1
3.1,62,3.0676,1.4622,0.3828,1.4612,-0.0925,3.0676,1.3691,0.3512,1.5,-0.0716,0.0615,0.0362,-0.0407,0.0,0.0376,-0.0758,-0.5778,0.1446,0.22,1,999.0,none,0,0,DEST_BAY_02,30.0,1.9021,0,0,0.1023
3.15,63,3.1354,1.4895,0.3779,1.4616,-0.0986,3.1354,1.3937,0.346,1.5,-0.0733,0.0645,0.0368,-0.0388,0.0,0.0082,-0.0808,-0.5877,-0.0994,0.119,1,999.0,none,0,0,DEST_BAY_02,30.0,1.9021,0,0,0.1045
3.2,64,3.2033,1.5165,0.3728,1.4625,-0.1004,3.2033,1.4179,0.3407,1.5,-0.075,0.0675,0.0372,-0.0384,0.0,0.0177,-0.0822,0.1899,-0.028,0.214,1,999.0,none,0,0,DEST_BAY_02,30.0,1.9021,0,0,0.1068
3.25,65,3.2714,1.5431,0.3683,1.4659,-0.0915,3.2714,1.4418,0.3352,1.5,-0.0767,0.0705,0.0376,-0.0375,0.0,0.0683,-0.0748,1.0124,0.1488,0.107,1,999.0,none,0,0,DEST_BAY_02,30.0,1.9021,0,0,0.109
3.3,66,3.3398,1.5695,0.3628,1.4674,-0.1088,3.3398,1.4653,0.3296,1.5,-0.0784,0.0736,0.0386,-0.0341,0.0,0.0308,-0.0887,-0.7518,-0.2794,0.287,1,999.0,none,0,0,DEST_BAY_02,30.0,1.9021,0,0,0.1113
3.35,67,3.4084,1.5955,0.3577,1.47,-0.1035,3.4084,1.4885,0.3239,1.5,-0.0801,0.0768,0.0389,-0.0326,0.0,0.0519,-0.0843,0.423,0.0882,0.158,1,999.0,none,0,0,DEST_BAY_02,30.0,1.9021,0,0,0.1136
3.4,68,3.4772,1.6213,0.3516,1.4719,-0.1211,3.4772,1.5113,0.3181,1.5,-0.0818,0.08,0.0396,-0.03,0.0,0.0385,-0.0984,-0.2677,-0.2824,0.141,1,999.0,none,0,0,DEST_BAY_02,30.0,1.9021,0,0,0.1159
3.45,69,3.5463,1.6466,0.3458,1.4741,-0.1162,3.5463,1.5337,0.3121,1.5,-0.0835,0.0833,0.0396,-0.0281,0.0,0.0428,-0.0943,0.0847,0.0829,0.18,1,999.0,none,0,0,DEST_BAY_02,30.0,1.9021,0,0,0.1182
3.5,70,3.6157,1.6716,0.3398,1.4755,-0.1204,3.6157,1.5558,0.306,1.5,-0.0852,0.0866,0.0399,-0.0259,0.0,0.0286,-0.0976,-0.2836,-0.066,0.182,1,999.0,none,0,0,DEST_BAY_02,30.0,1.9021,0,0,0.1205
3.55,71,3.6852,1.6962,0.3334,1.4763,-0.1275,3.6852,1.5774,0.2997,1.5,-0.0869,0.09,0.0401,-0.0245,0.0,0.0167,-0.1033,-0.2378,-0.1141,0.151,1,999.0,none,0,0,DEST_BAY_02,30.0,1.9021,0,0,0.1228
3.6,72,3.755,1.7204,0.3275,1.4773,-0.1192,3.755,1.5987,0.2933,1.5,-0.0886,0.0933,0.0401,-0.0237,0.0,0.0188,-0.0966,0.0425,0.1347,0.254,1,999.0,none,0,0,DEST_BAY_02,30.0,1.9021,0,0,0.1252
3.65,73,3.8249,1.7441,0.3216,1.4791,-0.1185,3.8249,1.6195,0.2868,1.5,-0.0903,0.0967,0.0407,-0.0227,0.0,0.0368,-0.0959,0.3589,0.0135,0.255,1,999.0,none,0,0,DEST_BAY_02,30.0,1.9021,0,0,0.1275
3.7,74,3.8951,1.7675,0.315,1.4792,-0.131,3.8951,1.6399,0.2802,1.5,-0.0919,0.1002,0.0414,-0.0209,0.0,0.0025,-0.1059,-0.6845,-0.2004,0.183,1,999.0,none,0,0,DEST_BAY_02,30.0,1.9021,0,0,0.1298
3.75,75,3.9654,1.7904,0.3092,1.4793,-0.1161,3.9654,1.6598,0.2734,1.5,-0.0936,0.1037,0.0416,-0.0208,0.0,0.0013,-0.0939,-0.025,0.2402,0.225,1,999.0,none,0,0,DEST_BAY_02,30.0,1.9021,0,0,0.1322
3.8,76,4.0359,1.8129,0.3017,1.4797,-0.1501,4.0359,1.6793,0.2665,1.5,-0.0952,0.1072,0.0427,-0.0207,0.0,0.0077,-0.1211,0.1284,-0.5444,0.206,1,999.0,none,0,0,DEST_BAY_02,30.0,1.9021,0,0,0.1345
3.85,77,4.1065,1.8349,0.2952,1.4805,-0.1304,4.1065,1.6982,0.2595,1.5,-0.0969,0.1108,0.0422,-0.0203,0.0,0.0156,-0.1053,0.1581,0.3163,0.197,1,999.0,none,0,0,DEST_BAY_02,30.0,1.9021,0,0,0.1369
3.9,78,4.1773,1.8564,0.2881,1.4824,-0.1421,4.1773,1.7167,0.2524,1.5,-0.0985,0.1144,0.0428,-0.0195,0.0,0.0377,-0.1145,0.4416,-0.1843,0.221,1,999.0,none,0,0,DEST_BAY_02,30.0,1.9021,0,0,0.1392
3.95,79,4.2484,1.8775,0.2805,1.484,-0.1512,4.2484,1.7347,0.2451,1.5,-0.1,0.1181,0.043,-0.0176,0.0,0.0338,-0.1216,-0.0774,-0.1426,0.16,1,999.0,none,0,0,DEST_BAY_02,30.0,1.9021,0,0,0.1416
4.0,80,4.3197,1.898,0.2727,1.4844,-0.1569,4.3197,1.7522,0.2378,1.5,-0.1016,0.1217,0.0428,-0.016,0.0,0.0074,-0.1262,-0.5286,-0.0913,0.278,1,999.0,none,0,0,DEST_BAY_02,30.0,1.9021,0,0,0.144
4.05,81,4.3912,1.918,0.2653,1.4842,-0.1473,4.3912,1.7692,0.2302,1.5,-0.1031,0.1254,0.0425,-0.0156,0.0,-0.0049,-0.1185,-0.2449,0.1537,0.272,1,999.0,none,0,0,DEST_BAY_02,30.0,1.9021,0,0,0.1464
4.1,82,4.4628,1.9375,0.258,1.486,-0.1464,4.4628,1.7857,0.2226,1.5,-0.1046,0.1291,0.0427,-0.0158,0.0,0.0374,-0.1177,0.845,0.0162,0.279,1,999.0,none,0,0,DEST_BAY_02,30.0,1.9021,0,0,0.1488
4.15,83,4.5346,1.9564,0.2499,1.4867,-0.162,4.5346,1.8016,0.2149,1.5,-0.1061,0.1327,0.0431,-0.014,0.0,0.0128,-0.13,-0.4915,-0.2461,0.147,1,999.0,none,0,0,DEST_BAY_02,30.0,1.9021,0,0,0.1512
4.2,84,4.6066,1.9748,0.2421,1.4888,-0.156,4.6066,1.817,0.207,1.5,-0.1076,0.1365,0.0429,-0.0133,0.0,0.0429,-0.125,0.6007,0.0994,0.163,1,999.0,none,0,0,DEST_BAY_02,30.0,1.9021,0,0,0.1536
4.25,85,4.6789,1.9927,0.2338,1.4894,-0.1664,4.6789,1.8318,0.1991,1.5,-0.109,0.1402,0.0431,-0.0112,0.0,0.0122,-0.1333,-0.6131,-0.1648,0.213,1,999.0,none,0,0,DEST_BAY_02,30.0,1.9021,0,0,0.156
4.3,86,4.7514,2.0099,0.2252,1.4899,-0.1719,4.7514,1.8461,0.191,1.5,-0.1104,0.1439,0.0428,-0.0106,0.0,0.0089,-0.1376,-0.067,-0.0855,0.141,1,999.0,none,0,0,DEST_BAY_02,30.0,1.9021,0,0,0.1584
4.35,87,4.824,2.0266,0.2168,1.4907,-0.1689,4.824,1.8598,0.1828,1.5,-0.1117,0.1476,0.0424,-0.0101,0.0,0.0169,-0.1351,0.1616,0.0494,0.24,1,999.0,none,0,0,DEST_BAY_02,30.0,1.9021,0,0,0.1608
4.4,88,4.8968,2.0426,0.2075,1.491,-0.1863,4.8968,1.8729,0.1745,1.5,-0.113,0.1513,0.0423,-0.0093,0.0,0.0055,-0.1489,-0.2276,-0.2753,0.209,1,999.0,none,0,0,DEST_BAY_02,30.0,1.9021,0,0,0.1632
4.45,89,4.9697,2.058,0.1991,1.4911,-0.1683,4.9697,1.8854,0.1661,1.5,-0.1142,0.155,0.0413,-0.009,0.0,0.0015,-0.1347,-0.0802,0.2841,0.203,1,999.0,none,0,0,DEST_BAY_02,30.0,1.9021,0,0,0.1657
4.5,90,5.0428,2.0727,0.1897,1.4912,-0.1865,5.0428,1.8974,0.1576,1.5,-0.1154,0.1586,0.0414,-0.0089,0.0,0.0019,-0.1489,0.0081,-0.2859,0.193,1,999.0,none,0,0,DEST_BAY_02,30.0,1.9021,0,0,0.1681
4.55,91,5.116,2.0868,0.1809,1.4928,-0.1769,5.116,1.9087,0.1491,1.5,-0.1166,0.1622,0.0407,-0.0088,0.0,0.0318,-0.1413,0.5978,0.154,0.205,1,999.0,none,0,0,DEST_BAY_02,30.0,1.9021,0,0,0.1705
4.6,92,5.1894,2.1002,0.1724,1.4932,-0.1698,5.1894,1.9193,0.1404,1.5,-0.1177,0.1658,0.0405,-0.0072,0.0,0.0082,-0.1356,-0.4729,0.1126,0.114,1,999.0,none,0,0,DEST_BAY_02,30.0,1.9021,0,0,0.173
4.65,93,5.263,2.113,0.163,1.494,-0.1878,5.263,1.9294,0.1316,1.5,-0.1187,0.1693,0.0408,-0.0068,0.0,0.017,-0.1497,0.1758,-0.2823,0.176,1,999.0,none,0,0,DEST_BAY_02,30.0,1.9021,0,0,0.1754
4.7,94,5.3367,2.1251,0.1536,1.4947,-0.1887,5.3367,1.9388,0.1228,1.5,-0.1197,0.1729,0.0402,-0.006,0.0,0.0137,-0.1503,-0.066,-0.0116,0.14,1,999.0,none,0,0,DEST_BAY_02,30.0,1.9021,0,0,0.1779
4.75,95,5.4106,2.1366,0.144,1.4947,-0.192,5.4106,1.9475,0.1139,1.5,-0.1206,0.1764,0.0397,-0.0053,0.0,-0.0001,-0.1529,-0.2764,-0.0519,0.188,1,999.0,none,0,0,DEST_BAY_02,30.0,1.9021,0,0,0.1804
4.8,96,5.4845,2.1473,0.1348,1.4943,-0.1848,5.4845,1.9557,0.1049,1.5,-0.1215,0.1799,0.0391,-0.0053,0.0,-0.0083,-0.1473,-0.1637,0.1124,0.278,1,999.0,none,0,0,DEST_BAY_02,30.0,1.9021,0,0,0.1828
4.85,97,5.5586,2.1573,0.1249,1.4955,-0.1969,5.5586,1.9631,0.0958,1.5,-0.1223,0.1833,0.0389,-0.0057,0.0,0.0249,-0.1567,0.6643,-0.1884,0.259,1,999.0,none,0,0,DEST_BAY_02,30.0,1.9021,0,0,0.1853
4.9,98,5.6328,2.1666,0.1148,1.4961,-0.2016,5.6328,1.9699,0.0867,1.5,-0.123,0.1867,0.0382,-0.0045,0.0,0.0109,-0.1604,-0.2807,-0.0727,0.143,1,999.0,none,0,0,DEST_BAY_02,30.0,1.9021,0,0,0.1878
4.95,99,5.7071,2.1752,0.1053,1.4977,-0.1902,5.7071,1.976,0.0775,1.5,-0.1237,0.1901,0.0373,-0.0039,0.0,0.0327,-0.1512,0.4378,0.1824,0.253,1,999.0,none,0,0,DEST_BAY_02,30.0,1.9021,0,0,0.1902
5.0,100,5.7815,2.1831,0.0959,1.4978,-0.1879,5.7815,1.9814,0.0683,1.5,-0.1243,0.1933,0.0371,-0.0023,0.0,0.0012,-0.1494,-0.6315,0.036,0.292,1,999.0,none,0,0,DEST_BAY_02,30.0,1.9021,0,0,0.1927
5.05,101,5.8561,2.1903,0.0851,1.4984,-0.2165,5.8561,1.9862,0.059,1.5,-0.1248,0.1966,0.037,-0.0022,0.0,0.0127,-0.1717,0.2314,-0.445,0.285,1,999.0,none,0,0,DEST_BAY_02,30.0,1.9021,0,0,0.1952
5.1,102,5.9307,2.1966,0.0744,1.4995,-0.215,5.9307,1.9902,0.0496,1.5,-0.1252,0.1998,0.0355,-0.0016,0.0,0.021,-0.1704,0.1646,0.026,0.207,1,999.0,none,0,0,DEST_BAY_02,30.0,1.9021,0,0,0.1977
5.15,103,6.0055,2.2022,0.0639,1.4994,-0.2101,6.0055,1.9936,0.0403,1.5,-0.1256,0.2029,0.0341,-0.0005,0.0,-0.0015,-0.1666,-0.4501,0.0764,0.299,1,999.0,none,0,0,DEST_BAY_02,30.0,1.9021,0,0,0.2002
5.2,104,6.0803,2.207,0.0527,1.5009,-0.2235,6.0803,1.9962,0.0309,1.5,-0.1259,0.2059,0.033,-0.0006,0.0,0.0312,-0.1768,0.655,-0.2048,0.148,1,999.0,none,0,0,DEST_BAY_02,30.0,1.9021,0,0,0.2027
5.25,105,6.1553,2.2109,0.0423,1.4997,-0.2086,6.1553,1.9982,0.0214,1.5,-0.1261,0.2088,0.0313,0.0009,0.0,-0.0252,-0.1654,-1.1283,0.2281,0.184,1,999.0,none,0,0,DEST_BAY_02,30.0,1.9021,0,0,0.2052
5.3,106,6.2302,2.2141,0.0317,1.4988,-0.2113,6.2302,1.9994,0.012,1.5,-0.1263,0.2115,0.0303,-0.0003,0.0,-0.0171,-0.1676,0.1619,-0.0437,0.297,1,999.0,none,0,0,DEST_BAY_02,30.0,1.9021,0,0,0.2077
5.35,107,6.3051,2.2165,0.0221,1.4997,-0.1926,6.3051,2.0,0.0025,1.5,-0.1263,0.2141,0.0292,-0.0012,0.0,0.0181,-0.1529,0.7041,0.2928,0.1,1,999.0,none,0,0,DEST_BAY_02,30.0,1.9021,0,0,0.2102
5.4,108,6.38,2.2181,0.0119,1.4992,-0.2042,6.38,1.9998,-0.007,1.5,-0.1263,0.2167,0.029,-0.0003,0.0,-0.0098,-0.162,-0.5581,-0.182,0.255,1,999.0,none,0,0,DEST_BAY_02,30.0,1.9021,0,0,0.2127
5.45,109,6.455,2.219,0.0011,1.4999,-0.215,6.455,1.9989,-0.0164,1.5,-0.1262,0.2192,0.0283,-0.0008,0.0,0.0125,-0.1703,0.4465,-0.1656,0.151,1,999.0,none,0,0,DEST_BAY_02,30.0,1.9021,0,0,0.2152
5.5,110,6.53,2.2191,-0.0093,1.4994,-0.2079,6.53,1.9973,-0.0259,1.5,-0.126,0.2216,0.027,-0.0001,0.0,-0.0092,-0.1649,-0.4348,0.1094,0.298,1,999.0,none,0,0,DEST_BAY_02,30.0,1.9021,0,0,0.2177
5.55,111,6.605,2.2184,-0.0202,1.4994,-0.219,6.605,1.9951,-0.0353,1.5,-0.1258,0.2239,0.0261,-0.0006,0.0,0.0005,-0.1735,0.1949,-0.1735,0.298,1,999.0,none,0,0,DEST_BAY_02,30.0,1.9021,0,0,0.2202
5.6,112,6.6799,2.2169,-0.0307,1.4987,-0.2103,6.6799,1.992,-0.0448,1.5,-0.1255,0.2261,0.0245,-0.0006,0.0,-0.0148,-0.1668,-0.3066,0.1345,0.268,1,999.0,none,0,0,DEST_BAY_02,30.0,1.9021,0,0,0.2227
5.65,113,6.7548,2.2146,-0.0403,1.498,-0.1904,6.7548,1.9883,-0.0542,1.5,-0.125,0.2282,0.0234,-0.0013,0.0,-0.0136,-0.1514,0.0239,0.3087,0.13,1,999.0,none,0,0,DEST_BAY_02,30.0,1.9021,0,0,0.2252
5.7,114,6.8297,2.2116,-0.0507,1.4985,-0.2083,6.8297,1.9839,-0.0635,1.5,-0.1246,0.2302,0.0232,-0.002,0.0,0.01,-0.1653,0.4715,-0.2787,0.105,1,999.0,none,0,0,DEST_BAY_02,30.0,1.9021,0,0,0.2277
5.75,115,6.9045,2.2078,-0.0617,1.4987,-0.22,6.9045,1.9788,-0.0728,1.5,-0.124,0.2322,0.0222,-0.0015,0.0,0.0035,-0.1744,-0.1296,-0.182,0.169,1,999.0,none,0,0,DEST_BAY_02,30.0,1.9021,0,0,0.2301
5.8,116,6.9793,2.2032,-0.0726,1.4993,-0.2175,6.9793,1.973,-0.0821,1.5,-0.1234,0.234,0.0204,-0.0013,0.0,0.0128,-0.1723,0.1873,0.0414,0.23,1,999.0,none,0,0,DEST_BAY_02,30.0,1.9021,0,0,0.2326
5.85,117,7.054,2.1977,-0.0835,1.4993,-0.2189,7.054,1.9665,-0.0914,1.5,-0.1227,0.2357,0.0188,-0.0007,0.0,-0.0004,-0.1734,-0.2639,-0.0222,0.123,1,999.0,none,0,0,DEST_BAY_02,30.0,1.9021,0,0,0.2351
5.9,118,7.1287,2.1915,-0.0934,1.499,-0.1971,7.1287,1.9593,-0.1005,1.5,-0.1219,0.2372,0.017,-0.0007,0.0,-0.0059,-0.1565,-0.1102,0.3394,0.168,1,999.0,none,0,0,DEST_BAY_02,30.0,1.9021,0,0,0.2376
5.95,119,7.2034,2.1845,-0.1039,1.4983,-0.2103,7.2034,1.9514,-0.1097,1.5,-0.1211,0.2386,0.0163,-0.001,0.0,-0.0133,-0.1669,-0.1487,-0.2083,0.274,1,999.0,none,0,0,DEST_BAY_02,30.0,1.9021,0,0,0.2401
6.0,120,7.2779,2.1767,-0.1144,1.4986,-0.2105,7.2779,1.9429,-0.1187,1.5,-0.1201,0.2399,0.0149,-0.0017,0.0,0.0057,-0.167,0.3808,-0.0014,0.16,1,999.0,none,0,0,DEST_BAY_02,30.0,1.9021,0,0,0.2426
6.05,121,7.3523,2.1682,-0.1246,1.4982,-0.2041,7.3523,1.9336,-0.1277,1.5,-0.1192,0.2411,0.0133,-0.0014,0.0,-0.0078,-0.162,-0.2701,0.0986,0.17,1,999.0,none,0,0,DEST_BAY_02,30.0,1.9021,0,0,0.2451
6.1,122,7.4267,2.1589,-0.1348,1.4977,-0.2043,7.4267,1.9237,-0.1366,1.5,-0.1181,0.2422,0.012,-0.0018,0.0,-0.0113,-0.1623,-0.0713,-0.0048,0.102,1,999.0,none,0,0,DEST_BAY_02,30.0,1.9021,0,0,0.2476
6.15,123,7.5009,2.1488,-0.146,1.4978,-0.2235,7.5009,1.9132,-0.1455,1.5,-0.1171,0.2431,0.0106,-0.0023,0.0,0.0017,-0.1772,0.2607,-0.2989,0.194,1,999.0,none,0,0,DEST_BAY_02,30.0,1.9021,0,0,0.25
6.2,124,7.5749,2.1379,-0.1562,1.4978,-0.2036,7.5749,1.902,-0.1542,1.5,-0.1159,0.2439,0.0082,-0.0022,0.0,0.0015,-0.1617,-0.0033,0.31,0.146,1,999.0,none,0,0,DEST_BAY_02,30.0,1.9021,0,0,0.2525
6.25,125,7.6489,2.1263,-0.1665,1.4985,-0.2056,7.6489,1.8901,-0.1629,1.5,-0.1147,0.2445,0.0067,-0.0022,0.0,0.0142,-0.1632,0.2528,-0.0295,0.139,1,999.0,none,0,0,DEST_BAY_02,30.0,1.9021,0,0,0.255
6.3,126,7.7228,2.1138,-0.1764,1.4991,-0.1999,7.7228,1.8777,-0.1714,1.5,-0.1135,0.245,0.005,-0.0015,0.0,0.0112,-0.1587,-0.0602,0.0904,0.158,1,999.0,none,0,0,DEST_BAY_02,30.0,1.9021,0,0,0.2574
6.35,127,7.7966,2.1007,-0.1858,1.4991,-0.1878,7.7966,1.8645,-0.1799,1.5,-0.1122,0.2453,0.0034,-0.0009,0.0,0.0005,-0.1492,-0.2124,0.1896,0.296,1,999.0,none,0,0,DEST_BAY_02,30.0,1.9021,0,0,0.2599
6.4,128,7.8703,2.0868,-0.1953,1.4995,-0.1896,7.8703,1.8508,-0.1882,1.5,-0.1108,0.2455,0.0024,-0.0009,0.0,0.0078,-0.1505,0.145,-0.0271,0.185,1,999.0,none,0,0,DEST_BAY_02,30.0,1.9021,0,0,0.2623
6.45,129,7.9438,2.0723,-0.2056,1.4997,-0.2051,7.9438,1.8365,-0.1965,1.5,-0.1094,0.2456,0.0012,-0.0005,0.0,0.0033,-0.1626,-0.0909,-0.2418,0.142,1,999.0,none,0,0,DEST_BAY_02,30.0,1.9021,0,0,0.2648
6.5,130,8.0172,2.057,-0.2156,1.5003,-0.1999,8.0172,1.8215,-0.2047,1.5,-0.108,0.2456,-0.0009,-0.0003,0.0,0.0119,-0.1586,0.1722,0.0815,0.246,1,999.0,none,0,0,DEST_BAY_02,30.0,1.9021,0,0,0.2672
6.55,131,8.0905,2.0409,-0.2254,1.5007,-0.1967,8.0905,1.8059,-0.2127,1.5,-0.1065,0.2454,-0.0028,0.0003,0.0,0.009,-0.156,-0.0577,0.0512,0.219,1,999.0,none,0,0,DEST_BAY_02,30.0,1.9021,0,0,0.2697
6.6,132,8.1637,2.0242,-0.2346,1.5009,-0.1846,8.1637,1.7898,-0.2207,1.5,-0.105,0.245,-0.0047,0.0007,0.0,0.0028,-0.1466,-0.1234,0.1888,0.287,1,999.0,none,0,0,DEST_BAY_02,30.0,1.9021,0,0,0.2721
6.65,133,8.2366,2.0067,-0.244,1.5007,-0.1869,8.2366,1.7731,-0.2285,1.5,-0.1035,0.2445,-0.0061,0.0009,0.0,-0.003,-0.1483,-0.1152,-0.0352,0.199,1,999.0,none,0,0,DEST_BAY_02,30.0,1.9021,0,0,0.2746
6.7,134,8.3095,1.9886,-0.2529,1.5022,-0.1794,8.3095,1.7558,-0.2362,1.5,-0.1019,0.2439,-0.0078,0.0007,0.0,0.0296,-0.1423,0.6518,0.1198,0.172,1,999.0,none,0,0,DEST_BAY_02,30.0,1.9021,0,0,0.277
6.75,135,8.3822,1.9698,-0.2619,1.5023,-0.1799,8.3822,1.738,-0.2438,1.5,-0.1003,0.2432,-0.0092,0.0022,0.0,0.0012,-0.1427,-0.5682,-0.0074,0.131,1,999.0,none,0,0,DEST_BAY_02,30.0,1.9021,0,0,0.2794
6.8,136,8.4547,1.9503,-0.2712,1.5027,-0.1854,8.4547,1.7196,-0.2512,1.5,-0.0987,0.2423,-0.0107,0.0023,0.0,0.0091,-0.147,0.1585,-0.0853,0.296,1,999.0,none,0,0,DEST_BAY_02,30.0,1.9021,0,0,0.2818
6.85,137,8.5271,1.9302,-0.2804,1.5019,-0.1834,8.5271,1.7007,-0.2586,1.5,-0.0971,0.2413,-0.0126,0.0027,0.0,-0.0162,-0.1455,-0.5074,0.0301,0.26,1,999.0,none,0,0,DEST_BAY_02,30.0,1.9021,0,0,0.2842
6.9,138,8.5993,1.9094,-0.2887,1.5016,-0.1675,8.5993,1.6813,-0.2658,1.5,-0.0954,0.2402,-0.0146,0.0019,0.0,-0.0053,-0.1331,0.2176,0.2475,0.275,1,999.0,none,0,0,DEST_BAY_02,30.0,1.9021,0,0,0.2866
6.95,139,8.6713,1.8881,-0.2974,1.4998,-0.1738,8.6713,1.6614,-0.2729,1.5,-0.0937,0.2389,-0.0159,0.0016,0.0,-0.0369,-0.1382,-0.6307,-0.102,0.296,1,999.0,none,0,0,DEST_BAY_02,30.0,1.9021,0,0,0.289
7.0,140,8.7429,1.8661,-0.3052,1.5003,-0.1554,8.7429,1.641,-0.2798,1.5,-0.092,0.2375,-0.0176,-0.0002,0.0,0.0101,-0.1237,0.9394,0.2903,0.17,1,999.0,none,0,0,DEST_BAY_02,30.0,1.9021,0,0,0.2914
7.05,141,8.8145,1.8435,-0.3139,1.5002,-0.1737,8.8145,1.6201,-0.2866,1.5,-0.0903,0.2359,-0.0186,0.0003,0.0,-0.0011,-0.1381,-0.2238,-0.2877,0.191,1,999.0,none,0,0,DEST_BAY_02,30.0,1.9021,0,0,0.2938
7.1,142,8.8858,1.8204,-0.3221,1.4996,-0.1632,8.8858,1.5988,-0.2933,1.5,-0.0886,0.2343,-0.0206,0.0002,0.0,-0.0133,-0.1298,-0.2449,0.1646,0.266,1,999.0,none,0,0,DEST_BAY_02,30.0,1.9021,0,0,0.2962
7.15,143,8.957,1.7967,-0.3303,1.5001,-0.1659,8.957,1.577,-0.2998,1.5,-0.0869,0.2326,-0.0222,-0.0004,0.0,0.0106,-0.132,0.4798,-0.0427,0.188,1,999.0,none,0,0,DEST_BAY_02,30.0,1.9021,0,0,0.2986
7.2,144,9.0279,1.7723,-0.3376,1.4995,-0.1448,9.0279,1.5547,-0.3062,1.5,-0.0851,0.2307,-0.0241,0.0001,0.0,-0.013,-0.1154,-0.4724,0.3314,0.27,1,999.0,none,0,0,DEST_BAY_02,30.0,1.9021,0,0,0.3009
7.25,145,9.0987,1.7475,-0.3458,1.4995,-0.1637,9.0987,1.532,-0.3125,1.5,-0.0834,0.2286,-0.0251,-0.0005,0.0,0.0017,-0.1303,0.2943,-0.2978,0.151,1,999.0,none,0,0,DEST_BAY_02,30.0,1.9021,0,0,0.3033
7.3,146,9.1692,1.7221,-0.353,1.5011,-0.1446,9.1692,1.5089,-0.3187,1.5,-0.0816,0.2265,-0.0271,-0.0005,0.0,0.0301,-0.1151,0.5663,0.3032,0.289,1,999.0,none,0,0,DEST_BAY_02,30.0,1.9021,0,0,0.3056
7.35,147,9.2396,1.6961,-0.3594,1.5018,-0.1279,9.2396,1.4854,-0.3247,1.5,-0.0799,0.2243,-0.0283,0.0011,0.0,0.0157,-0.1019,-0.2874,0.2651,0.122,1,999.0,none,0,0,DEST_BAY_02,30.0,1.9021,0,0,0.308
7.4,148,9.3099,1.6697,-0.3664,1.5031,-0.1399,9.3099,1.4615,-0.3305,1.5,-0.0781,0.2219,-0.0288,0.0018,0.0,0.026,-0.1112,0.2057,-0.1874,0.112,1,999.0,none,0,0,DEST_BAY_02,30.0,1.9021,0,0,0.3103
7.45,149,9.3801,1.6428,-0.3734,1.5024,-0.1396,9.3801,1.4372,-0.3363,1.5,-0.0764,0.2195,-0.0301,0.0031,0.0,-0.0149,-0.1111,-0.8172,0.0033,0.144,1,999.0,none,0,0,DEST_BAY_02,30.0,1.9021,0,0,0.3127
7.5,150,9.45,1.6154,-0.3797,1.5021,-0.1268,9.45,1.4124,-0.3419,1.5,-0.0746,0.2171,-0.0315,0.0024,0.0,-0.0056,-0.1009,0.1861,0.2028,0.138,1,999.0,none,0,0,DEST_BAY_02,30.0,1.9021,0,0,0.315
7.55,151,9.5198,1.5876,-0.3866,1.5029,-0.1379,9.5198,1.3873,-0.3474,1.5,-0.0728,0.2145,-0.0323,0.0021,0.0,0.0155,-0.1097,0.4213,-0.1749,0.296,1,999.0,none,0,0,DEST_BAY_02,30.0,1.9021,0,0,0.3173
7.6,152,9.5894,1.5592,-0.3926,1.5018,-0.1201,9.5894,1.3618,-0.3527,1.5,-0.0711,0.2118,-0.0339,0.0029,0.0,-0.022,-0.0956,-0.7504,0.2806,0.232,1,999.0,none,0,0,DEST_BAY_02,30.0,1.9021,0,0,0.3196
7.65,153,9.6588,1.5305,-0.3987,1.5018,-0.1218,9.6588,1.336,-0.3579,1.5,-0.0693,0.2091,-0.0347,0.0018,0.0,0.0003,-0.097,0.4469,-0.0276,0.259,1,999.0,none,0,0,DEST_BAY_02,30.0,1.9021,0,0,0.322
7.7,154,9.728,1.5013,-0.4046,1.5007,-0.1173,9.728,1.3098,-0.363,1.5,-0.0676,0.2063,-0.0357,0.0018,0.0,-0.0228,-0.0935,-0.4625,0.0698,0.293,1,999.0,none,0,0,DEST_BAY_02,30.0,1.9021,0,0,0.3243
7.75,155,9.7969,1.4718,-0.4097,1.4996,-0.1028,9.7969,1.2834,-0.368,1.5,-0.0659,0.2034,-0.0366,0.0007,0.0,-0.0219,-0.0821,0.0189,0.2284,0.291,1,999.0,none,0,0,DEST_BAY_02,30.0,1.9021,0,0,0.3266
7.8,156,9.8657,1.4419,-0.4162,1.4992,-0.1303,9.8657,1.2566,-0.3728,1.5,-0.0641,0.2004,-0.0369,-0.0004,0.0,-0.0078,-0.1039,0.281,-0.4359,0.241,1,999.0,none,0,0,DEST_BAY_02,30.0,1.9021,0,0,0.3289
7.85,157,9.9343,1.4116,-0.4212,1.4984,-0.0989,9.9343,1.2295,-0.3774,1.5,-0.0624,0.1975,-0.0388,-0.0008,0.0,-0.0153,-0.079,-0.1501,0.4979,0.282,1,999.0,none,0,0,DEST_BAY_02,30.0,1.9021,0,0,0.3311
7.9,158,10.0026,1.381,-0.4265,1.499,-0.1072,10.0026,1.2021,-0.382,1.5,-0.0607,0.1944,-0.0392,-0.0016,0.0,0.0116,-0.0856,0.5389,-0.1316,0.146,1,999.0,none,0,0,DEST_BAY_02,30.0,1.9021,0,0,0.3334
7.95,159,10.0709,1.35,-0.4318,1.4992,-0.1056,10.0709,1.1745,-0.3864,1.5,-0.059,0.1913,-0.0401,-0.001,0.0,0.0045,-0.0843,-0.1426,0.0262,0.249,1,999.0,none,0,0,DEST_BAY_02,30.0,1.9021,0,0,0.3357
8.0,160,10.139,1.3186,-0.4368,1.4994,-0.1001,10.139,1.1466,-0.3907,1.5,-0.0573,0.1881,-0.0411,-0.0008,0.0,0.0034,-0.0799,-0.0217,0.0872,0.119,1,999.0,none,0,0,DEST_BAY_02,30.0,1.9021,0,0,0.338
8.05,161,10.2069,1.2869,-0.4412,1.5004,-0.0886,10.2069,1.1184,-0.3948,1.5,-0.0556,0.1849,-0.042,-0.0006,0.0,0.0211,-0.0707,0.3549,0.1845,0.217,1,999.0,none,0,0,DEST_BAY_02,30.0,1.9021,0,0,0.3402
8.1,162,10.2747,1.2549,-0.4458,1.5002,-0.091,10.2747,1.0899,-0.3989,1.5,-0.0539,0.1816,-0.0424,0.0004,0.0,-0.0038,-0.0726,-0.4998,-0.0387,0.169,1,999.0,none,0,0,DEST_BAY_02,30.0,1.9021,0,0,0.3425
8.15,163,10.3424,1.2225,-0.4501,1.5004,-0.0854,10.3424,1.0611,-0.4028,1.5,-0.0522,0.1782,-0.043,0.0002,0.0,0.0022,-0.0682,0.1209,0.0882,0.166,1,999.0,none,0,0,DEST_BAY_02,30.0,1.9021,0,0,0.3447
8.2,164,10.41,1.1899,-0.4536,1.4991,-0.0714,10.41,1.0322,-0.4066,1.5,-0.0505,0.1749,-0.0435,0.0004,0.0,-0.0243,-0.0571,-0.5309,0.2225,0.28,1,999.0,none,0,0,DEST_BAY_02,30.0,1.9021,0,0,0.347
8.25,165,10.4773,1.157,-0.4578,1.4981,-0.0833,10.4773,1.0029,-0.4102,1.5,-0.0489,0.1715,-0.0434,-0.0009,0.0,-0.0209,-0.0666,0.0689,-0.1897,0.155,1,999.0,none,0,0,DEST_BAY_02,30.0,1.9021,0,0,0.3492
8.3,166,10.5445,1.1239,-0.4617,1.4976,-0.0771,10.5445,0.9735,-0.4137,1.5,-0.0472,0.1681,-0.0441,-0.0019,0.0,-0.0103,-0.0617,0.2115,0.0984,0.169,1,999.0,none,0,0,DEST_BAY_02,30.0,1.9021,0,0,0.3515
8.35,167,10.6116,1.0906,-0.465,1.4969,-0.0677,10.6116,0.9438,-0.4172,1.5,-0.0456,0.1647,-0.0445,-0.0024,0.0,-0.0128,-0.0543,-0.0495,0.1484,0.197,1,999.0,none,0,0,DEST_BAY_02,30.0,1.9021,0,0,0.3537
8.4,168,10.6785,1.057,-0.4685,1.497,-0.0686,10.6785,0.914,-0.4204,1.5,-0.0439,0.1612,-0.0446,-0.0031,0.0,0.0012,-0.0549,0.2809,-0.0136,0.256,1,999.0,none,0,0,DEST_BAY_02,30.0,1.9021,0,0,0.3559
8.45,169,10.7452,1.0232,-0.4724,1.4961,-0.078,10.7452,0.884,-0.4236,1.5,-0.0423,0.1578,-0.0449,-0.003,0.0,-0.0188,-0.0625,-0.4003,-0.1506,0.279,1,999.0,none,0,0,DEST_BAY_02,30.0,1.9021,0,0,0.3582
8.5,170,10.8119,0.9892,-0.4753,1.4966,-0.0583,10.8119,0.8537,-0.4266,1.5,-0.0407,0.1543,-0.0457,-0.0039,0.0,0.0109,-0.0467,0.5929,0.3151,0.239,1,999.0,none,0,0,DEST_BAY_02,30.0,1.9021,0,0,0.3604
8.55,171,10.8784,0.9549,-0.4776,1.4961,-0.0464,10.8784,0.8233,-0.4296,1.5,-0.0391,0.1508,-0.0457,-0.0034,0.0,-0.0091,-0.0372,-0.4004,0.19,0.217,1,999.0,none,0,0,DEST_BAY_02,30.0,1.9021,0,0,0.3626
8.6,172,10.9448,0.9206,-0.4811,1.4957,-0.0703,10.9448,0.7927,-0.4324,1.5,-0.0375,0.1473,-0.0452,-0.0039,0.0,-0.0083,-0.0564,0.0164,-0.3835,0.273,1,999.0,none,0,0,DEST_BAY_02,30.0,1.9021,0,0,0.3648
8.65,173,11.0111,0.886,-0.4835,1.4965,-0.0471,11.0111,0.762,-0.435,1.5,-0.0359,0.1438,-0.0461,-0.0043,0.0,0.0156,-0.0378,0.4789,0.3721,0.109,1,999.0,none,0,0,DEST_BAY_02,30.0,1.9021,0,0,0.367
8.7,174,11.0774,0.8512,-0.4859,1.497,-0.0493,11.0774,0.731,-0.4376,1.5,-0.0343,0.1403,-0.0459,-0.0035,0.0,0.0103,-0.0395,-0.1069,-0.035,0.293,1,999.0,none,0,0,DEST_BAY_02,30.0,1.9021,0,0,0.3692
8.75,175,11.1436,0.8162,-0.4889,1.4982,-0.0581,11.1436,0.7,-0.4401,1.5,-0.0327,0.1368,-0.0459,-0.003,0.0,0.0231,-0.0465,0.2563,-0.1399,0.293,1,999.0,none,0,0,DEST_BAY_02,30.0,1.9021,0,0,0.3715
8.8,176,11.2097,0.781,-0.491,1.4991,-0.0424,11.2097,0.6687,-0.4424,1.5,-0.0312,0.1333,-0.0464,-0.0018,0.0,0.0183,-0.0339,-0.0966,0.2518,0.224,1,999.0,none,0,0,DEST_BAY_02,30.0,1.9021,0,0,0.3737
8.85,177,11.2758,0.7457,-0.493,1.4999,-0.0402,11.2758,0.6373,-0.4446,1.5,-0.0296,0.1298,-0.0463,-0.0009,0.0,0.0154,-0.0321,-0.0567,0.0364,0.115,1,999.0,none,0,0,DEST_BAY_02,30.0,1.9021,0,0,0.3759
8.9,178,11.3419,0.7102,-0.496,1.5009,-0.0614,11.3419,0.6057,-0.4467,1.5,-0.0281,0.1263,-0.0462,-0.0001,0.0,0.0201,-0.0491,0.0934,-0.3395,0.112,1,999.0,none,0,0,DEST_BAY_02,30.0,1.9021,0,0,0.3781
8.95,179,11.4079,0.6745,-0.498,1.5001,-0.039,11.4079,0.574,-0.4487,1.5,-0.0265,0.1227,-0.0473,0.0009,0.0,-0.0154,-0.0312,-0.71,0.3575,0.14,1,999.0,none,0,0,DEST_BAY_02,30.0,1.9021,0,0,0.3803
9.0,180,11.4737,0.6387,-0.4995,1.5002,-0.0303,11.4737,0.5421,-0.4506,1.5,-0.025,0.1192,-0.0474,0.0001,0.0,0.002,-0.0243,0.3493,0.1392,0.15,1,999.0,none,0,0,DEST_BAY_02,30.0,1.9021,0,0,0.3825
9.05,181,11.5396,0.6027,-0.5007,1.5002,-0.0244,11.5396,0.5101,-0.4524,1.5,-0.0234,0.1156,-0.0471,0.0002,0.0,-0.0005,-0.0195,-0.05,0.0942,0.273,1,999.0,none,0,0,DEST_BAY_02,30.0,1.9021,0,0,0.3847
9.1,182,11.6054,0.5667,-0.5029,1.4998,-0.043,11.6054,0.4781,-0.4541,1.5,-0.0219,0.112,-0.0467,0.0002,0.0,-0.0084,-0.0344,-0.159,-0.2978,0.289,1,999.0,none,0,0,DEST_BAY_02,30.0,1.9021,0,0,0.3868
9.15,183,11.6711,0.5306,-0.5048,1.5009,-0.0379,11.6711,0.4459,-0.4556,1.5,-0.0204,0.1085,-0.0473,-0.0002,0.0,0.0239,-0.0303,0.6454,0.0822,0.252,1,999.0,none,0,0,DEST_BAY_02,30.0,1.9021,0,0,0.389
9.2,184,11.7368,0.4943,-0.5054,1.5012,-0.0116,11.7368,0.4136,-0.4571,1.5,-0.0189,0.1049,-0.0477,0.0009,0.0,0.0043,-0.0093,-0.391,0.4206,0.289,1,999.0,none,0,0,DEST_BAY_02,30.0,1.9021,0,0,0.3912
9.25,185,11.8025,0.4579,-0.5062,1.5003,-0.0176,11.8025,0.3813,-0.4584,1.5,-0.0174,0.1013,-0.047,0.0012,0.0,-0.0178,-0.014,-0.4423,-0.095,0.256,1,999.0,none,0,0,DEST_BAY_02,30.0,1.9021,0,0,0.3934
9.3,186,11.8681,0.4216,-0.5068,1.4994,-0.0111,11.8681,0.3488,-0.4596,1.5,-0.0159,0.0978,-0.0466,0.0003,0.0,-0.0177,-0.0089,0.0019,0.1034,0.294,1,999.0,none,0,0,DEST_BAY_02,30.0,1.9021,0,0,0.3956
9.35,187,11.9336,0.3852,-0.5072,1.501,-0.0081,11.9336,0.3163,-0.4607,1.5,-0.0144,0.0943,-0.0461,-0.0006,0.0,0.033,-0.0064,1.0147,0.0485,0.124,1,999.0,none,0,0,DEST_BAY_02,30.0,1.9021,0,0,0.3978
9.4,188,11.9992,0.3487,-0.5077,1.5008,-0.0103,11.9992,0.2837,-0.4617,1.5,-0.0129,0.0908,-0.0455,0.001,0.0,-0.0058,-0.0082,-0.7762,-0.035,0.153,1,999.0,none,0,0,DEST_BAY_02,30.0,1.9021,0,0,0.4
9.45,189,12.0648,0.3122,-0.5092,1.5008,-0.0291,12.0648,0.2511,-0.4626,1.5,-0.0114,0.0874,-0.0451,0.0008,0.0,0.001,-0.0233,0.1362,-0.3019,0.282,1,999.0,none,0,0,DEST_BAY_02,30.0,1.9021,0,0,0.4022
9.5,190,12.1303,0.2757,-0.51,1.5013,-0.0157,12.1303,0.2183,-0.4634,1.5,-0.0099,0.084,-0.0458,0.0008,0.0,0.0089,-0.0126,0.1582,0.2146,0.117,1,999.0,none,0,0,DEST_BAY_02,30.0,1.9021,0,0,0.4043
9.55,191,12.1958,0.239,-0.5107,1.5016,-0.0139,12.1958,0.1856,-0.464,1.5,-0.0084,0.0806,-0.0459,0.0013,0.0,0.0075,-0.0111,-0.0295,0.0286,0.148,1,999.0,none,0,0,DEST_BAY_02,30.0,1.9021,0,0,0.4065
9.6,192,12.2613,0.2023,-0.5107,1.502,-0.0013,12.2613,0.1527,-0.4646,1.5,-0.0069,0.0771,-0.0461,0.0016,0.0,0.0081,-0.001,0.0134,0.2024,0.165,1,999.0,none,0,0,DEST_BAY_02,30.0,1.9021,0,0,0.4087
9.65,193,12.3268,0.1656,-0.5114,1.5006,-0.0127,12.3268,0.1199,-0.465,1.5,-0.0054,0.0737,-0.0457,0.002,0.0,-0.0284,-0.0101,-0.7307,-0.1827,0.255,1,999.0,none,0,0,DEST_BAY_02,30.0,1.9021,0,0,0.4109
9.7,194,12.3923,0.1289,-0.5117,1.5008,-0.006,12.3923,0.087,-0.4654,1.5,-0.0039,0.0702,-0.046,0.0006,0.0,0.0034,-0.0048,0.6355,0.1066,0.192,1,999.0,none,0,0,DEST_BAY_02,30.0,1.9021,0,0,0.4131
9.75,195,12.4577,0.0922,-0.5112,1.4999,0.0081,12.4577,0.0541,-0.4656,1.5,-0.0024,0.0668,-0.046,0.0008,0.0,-0.0173,0.0065,-0.4131,0.2263,0.109,1,999.0,none,0,0,DEST_BAY_02,30.0,1.9021,0,0,0.4153
9.8,196,12.5231,0.0555,-0.5109,1.5007,0.0068,12.5231,0.0213,-0.4657,1.5,-0.001,0.0633,-0.0455,-0.0001,0.0,0.0149,0.0054,0.6442,-0.0211,0.117,1,999.0,none,0,0,DEST_BAY_02,30.0,1.9021,0,0,0.4174
9.85,197,12.5886,0.0188,-0.511,1.5011,-0.0016,12.5886,-0.0116,-0.4658,1.5,0.0005,0.0599,-0.0451,0.0007,0.0,0.0088,-0.0013,-0.1218,-0.134,0.138,1,999.0,none,0,0,DEST_BAY_02,30.0,1.9021,0,0,0.4196
9.9,198,12.654,-0.0179,-0.5107,1.4998,0.0065,12.654,-0.0445,-0.4657,1.5,0.002,0.0565,-0.0453,0.0011,0.0,-0.0263,0.0052,-0.7032,0.1294,0.24,1,999.0,none,0,0,DEST_BAY_02,30.0,1.9021,0,0,0.4218
9.95,199,12.7195,-0.0546,-0.5091,1.4998,0.0307,12.7195,-0.0774,-0.4655,1.5,0.0035,0.0531,-0.0452,-0.0002,0.0,0.001,0.0246,0.5459,0.3872,0.222,1,999.0,none,0,0,DEST_BAY_02,30.0,1.9021,0,0,0.424
10.0,200,12.7849,-0.0911,-0.5077,1.4999,0.0284,12.7849,-0.1103,-0.4652,1.5,0.005,0.0498,-0.044,-0.0002,0.0,0.0017,0.0227,0.0143,-0.0373,0.17,1,999.0,none,0,0,DEST_BAY_02,30.0,1.9021,0,0,0.4262
10.05,201,12.8505,-0.1276,-0.5074,1.4994,0.0065,12.8505,-0.1431,-0.4647,1.5,0.0065,0.0465,-0.043,-0.0001,0.0,-0.0101,0.0052,-0.2363,-0.3502,0.198,1,999.0,none,0,0,DEST_BAY_02,30.0,1.9021,0,0,0.4283
10.1,202,12.916,-0.164,-0.5063,1.5001,0.021,12.916,-0.1759,-0.4642,1.5,0.0079,0.0432,-0.0432,-0.0006,0.0,0.0146,0.0168,0.4939,0.2316,0.184,1,999.0,none,0,0,DEST_BAY_02,30.0,1.9021,0,0,0.4305
10.15,203,12.9816,-0.2004,-0.5043,1.5,0.0415,12.9816,-0.2087,-0.4636,1.5,0.0094,0.04,-0.0428,0.0001,0.0,-0.0038,0.0332,-0.3672,0.3288,0.298,1,999.0,none,0,0,DEST_BAY_02,30.0,1.9021,0,0,0.4327
10.2,204,13.0473,-0.2366,-0.5026,1.5001,0.0326,13.0473,-0.2415,-0.4628,1.5,0.0109,0.0368,-0.0414,-0.0,0.0,0.003,0.0261,0.1363,-0.1428,0.125,1,999.0,none,0,0,DEST_BAY_02,30.0,1.9021,0,0,0.4349
10.25,205,13.113,-0.2728,-0.5015,1.5001,0.0229,13.113,-0.2742,-0.462,1.5,0.0124,0.0336,-0.0407,0.0001,0.0,0.0008,0.0183,-0.0453,-0.1549,0.194,1,999.0,none,0,0,DEST_BAY_02,30.0,1.9021,0,0,0.4371
10.3,206,13.1788,-0.3088,-0.5003,1.4993,0.0242,13.1788,-0.3069,-0.461,1.5,0.0139,0.0306,-0.0405,0.0001,0.0,-0.0177,0.0193,-0.3695,0.0203,0.152,1,999.0,none,0,0,DEST_BAY_02,30.0,1.9021,0,0,0.4393
10.35,207,13.2445,-0.3448,-0.4992,1.4989,0.0211,13.2445,-0.3395,-0.4599,1.5,0.0154,0.0275,-0.0403,-0.0007,0.0,-0.0071,0.0169,0.2113,-0.0497,0.165,1,999.0,none,0,0,DEST_BAY_02,30.0,1.9021,0,0,0.4415
10.4,208,13.3103,-0.3807,-0.4979,1.4996,0.0269,13.3103,-0.3721,-0.4587,1.5,0.0169,0.0245,-0.0405,-0.0011,0.0,0.0141,0.0215,0.4258,0.0937,0.283,1,999.0,none,0,0,DEST_BAY_02,30.0,1.9021,0,0,0.4437
10.45,209,13.3762,-0.4165,-0.4957,1.4995,0.0431,13.3762,-0.4045,-0.4574,1.5,0.0185,0.0214,-0.0404,-0.0004,0.0,-0.002,0.0345,-0.3221,0.2588,0.209,1,999.0,none,0,0,DEST_BAY_02,30.0,1.9021,0,0,0.4459
10.5,210,13.4422,-0.4521,-0.4943,1.4991,0.0293,13.4422,-0.4369,-0.456,1.5,0.02,0.0183,-0.0397,-0.0005,0.0,-0.0074,0.0234,-0.1085,-0.2213,0.242,1,999.0,none,0,0,DEST_BAY_02,30.0,1.9021,0,0,0.4481
10.55,211,13.5081,-0.4877,-0.4928,1.5,0.0291,13.5081,-0.4692,-0.4545,1.5,0.0215,0.0153,-0.0397,-0.0009,0.0,0.0166,0.0233,0.4794,-0.0023,0.206,1,999.0,none,0,0,DEST_BAY_02,30.0,1.9021,0,0,0.4503
10.6,212,13.5742,-0.5232,-0.4907,1.4993,0.0417,13.5742,-0.5013,-0.4529,1.5,0.023,0.0123,-0.0399,-0.0,0.0,-0.0139,0.0334,-0.6106,0.2013,0.167,1,999.0,none,0,0,DEST_BAY_02,30.0,1.9021,0,0,0.4525
10.65,213,13.6403,-0.5585,-0.4886,1.4997,0.0425,13.6403,-0.5334,-0.4511,1.5,0.0246,0.0092,-0.0396,-0.0007,0.0,0.0077,0.034,0.4337,0.0117,0.278,1,999.0,none,0,0,DEST_BAY_02,30.0,1.9021,0,0,0.4547
10.7,214,13.7066,-0.5937,-0.4858,1.4991,0.0549,13.7066,-0.5654,-0.4493,1.5,0.0261,0.0062,-0.0393,-0.0003,0.0,-0.011,0.0439,-0.374,0.1992,0.222,1,999.0,none,0,0,DEST_BAY_02,30.0,1.9021,0,0,0.4569
10.75,215,13.7728,-0.6287,-0.4832,1.499,0.0521,13.7728,-0.5972,-0.4473,1.5,0.0276,0.0032,-0.0385,-0.0009,0.0,-0.0028,0.0417,0.1625,-0.0442,0.137,1,999.0,none,0,0,DEST_BAY_02,30.0,1.9021,0,0,0.4591
10.8,216,13.8392,-0.6635,-0.4808,1.4991,0.0487,13.8392,-0.6289,-0.4452,1.5,0.0292,0.0002,-0.038,-0.001,0.0,0.0018,0.039,0.0933,-0.0541,0.162,1,999.0,none,0,0,DEST_BAY_02,30.0,1.9021,0,0,0.4613
10.85,217,13.9057,-0.6982,-0.4789,1.4981,0.0389,13.9057,-0.6605,-0.443,1.5,0.0308,-0.0027,-0.0378,-0.0009,0.0,-0.0194,0.0311,-0.4252,-0.1574,0.142,1,999.0,none,0,0,DEST_BAY_02,30.0,1.9021,0,0,0.4635
10.9,218,13.9721,-0.7327,-0.4759,1.4972,0.0591,13.9721,-0.692,-0.4407,1.5,0.0323,-0.0056,-0.0382,-0.0019,0.0,-0.0179,0.0474,0.031,0.3248,0.187,1,999.0,none,0,0,DEST_BAY_02,30.0,1.9021,0,0,0.4657
10.95,219,14.0387,-0.767,-0.4735,1.4961,0.0475,14.0387,-0.7232,-0.4382,1.5,0.0339,-0.0086,-0.0376,-0.0028,0.0,-0.0221,0.0381,-0.0851,-0.1853,0.218,1,999.0,none,0,0,DEST_BAY_02,30.0,1.9021,0,0,0.468
11.0,220,14.1053,-0.8011,-0.4708,1.4967,0.0548,14.1053,-0.7543,-0.4357,1.5,0.0355,-0.0115,-0.0378,-0.0039,0.0,0.0122,0.0439,0.6873,0.116,0.121,1,999.0,none,0,0,DEST_BAY_02,30.0,1.9021,0,0,0.4702
11.05,221,14.1719,-0.835,-0.4677,1.4963,0.0617,14.1719,-0.7852,-0.433,1.5,0.0371,-0.0145,-0.0377,-0.0033,0.0,-0.0081,0.0495,-0.4068,0.1114,0.264,1,999.0,none,0,0,DEST_BAY_02,30.0,1.9021,0,0,0.4724
11.1,222,14.2387,-0.8688,-0.4648,1.4966,0.0585,14.2387,-0.8159,-0.4303,1.5,0.0387,-0.0174,-0.0374,-0.0037,0.0,0.0058,0.0469,0.2792,-0.0514,0.162,1,999.0,none,0,0,DEST_BAY_02,30.0,1.9021,0,0,0.4746
11.15,223,14.3056,-0.9023,-0.4613,1.4964,0.0693,14.3056,-0.8464,-0.4274,1.5,0.0403,-0.0203,-0.0374,-0.0034,0.0,-0.0044,0.0555,-0.2046,0.1717,0.213,1,999.0,none,0,0,DEST_BAY_02,30.0,1.9021,0,0,0.4769
11.2,224,14.3726,-0.9356,-0.4583,1.4967,0.0593,14.3726,-0.8768,-0.4243,1.5,0.0419,-0.0233,-0.037,-0.0036,0.0,0.0073,0.0475,0.2328,-0.159,0.297,1,999.0,none,0,0,DEST_BAY_02,30.0,1.9021,0,0,0.4791
11.25,225,14.4397,-0.9687,-0.4544,1.4952,0.0783,14.4397,-0.9069,-0.4212,1.5,0.0435,-0.0262,-0.0371,-0.0033,0.0,-0.0311,0.0628,-0.7665,0.3045,0.192,1,999.0,none,0,0,DEST_BAY_02,30.0,1.9021,0,0,0.4813
11.3,226,14.5069,-1.0015,-0.4508,1.4939,0.0721,14.5069,-0.9368,-0.4179,1.5,0.0452,-0.0291,-0.0365,-0.0048,0.0,-0.0251,0.0579,0.1188,-0.0975,0.27,1,999.0,none,0,0,DEST_BAY_02,30.0,1.9021,0,0,0.4836
11.35,227,14.5741,-1.0341,-0.447,1.4939,0.0751,14.5741,-0.9665,-0.4146,1.5,0.0468,-0.032,-0.0362,-0.0061,0.0,-0.0007,0.0603,0.489,0.0475,0.276,1,999.0,none,0,0,DEST_BAY_02,30.0,1.9021,0,0,0.4858
11.4,228,14.6415,-1.0664,-0.4433,1.4941,0.0755,14.6415,-0.996,-0.4111,1.5,0.0485,-0.0349,-0.036,-0.0061,0.0,0.0038,0.0606,0.0899,0.0068,0.251,1,999.0,none,0,0,DEST_BAY_02,30.0,1.9021,0,0,0.488
11.45,229,14.709,-1.0984,-0.4391,1.494,0.0827,14.709,-1.0252,-0.4074,1.5,0.0501,-0.0378,-0.0358,-0.0059,0.0,-0.0012,0.0663,-0.1011,0.1149,0.118,1,999.0,none,0,0,DEST_BAY_02,30.0,1.9021,0,0,0.4903
11.5,230,14.7766,-1.1302,-0.4358,1.4948,0.0663,14.7766,-1.0542,-0.4037,1.5,0.0518,-0.0407,-0.0354,-0.006,0.0,0.0151,0.0532,0.3273,-0.2638,0.296,1,999.0,none,0,0,DEST_BAY_02,30.0,1.9021,0,0,0.4926
11.55,231,14.8443,-1.1617,-0.4322,1.4962,0.0722,14.8443,-1.0829,-0.3998,1.5,0.0535,-0.0435,-0.036,-0.0052,0.0,0.0286,0.0578,0.2704,0.0935,0.147,1,999.0,none,0,0,DEST_BAY_02,30.0,1.9021,0,0,0.4948
11.6,232,14.9123,-1.1931,-0.4274,1.4959,0.0971,14.9123,-1.1114,-0.3958,1.5,0.0551,-0.0465,-0.0364,-0.0038,0.0,-0.0067,0.0777,-0.7079,0.398,0.103,1,999.0,none,0,0,DEST_BAY_02,30.0,1.9021,0,0,0.4971
11.65,233,14.9803,-1.2241,-0.4238,1.4957,0.0717,14.9803,-1.1396,-0.3917,1.5,0.0568,-0.0494,-0.0356,-0.0041,0.0,-0.0044,0.0575,0.0469,-0.4048,0.206,1,999.0,none,0,0,DEST_BAY_02,30.0,1.9021,0,0,0.4993
11.7,234,15.0485,-1.2548,-0.4194,1.4957,0.0865,15.0485,-1.1676,-0.3875,1.5,0.0585,-0.0523,-0.0363,-0.0043,0.0,0.0003,0.0693,0.0939,0.2362,0.257,1,999.0,none,0,0,DEST_BAY_02,30.0,1.9021,0,0,0.5016
11.75,235,15.1168,-1.2853,-0.4157,1.4969,0.0757,15.1168,-1.1952,-0.3831,1.5,0.0602,-0.0553,-0.0363,-0.0043,0.0,0.0241,0.0606,0.4758,-0.1734,0.175,1,999.0,none,0,0,DEST_BAY_02,30.0,1.9021,0,0,0.5039
11.8,236,15.1853,-1.3155,-0.4113,1.4976,0.0872,15.1853,-1.2226,-0.3786,1.5,0.062,-0.0583,-0.037,-0.0031,0.0,0.0152,0.0698,-0.1774,0.1826,0.12,1,999.0,none,0,0,DEST_BAY_02,30.0,1.9021,0,0,0.5062
11.85,237,15.2539,-1.3454,-0.4069,1.4968,0.0871,15.2539,-1.2496,-0.374,1.5,0.0637,-0.0613,-0.0373,-0.0024,0.0,-0.0157,0.0697,-0.618,-0.0014,0.13,1,999.0,none,0,0,DEST_BAY_02,30.0,1.9021,0,0,0.5085
11.9,238,15.3226,-1.3751,-0.4019,1.4964,0.1019,15.3226,-1.2764,-0.3692,1.5,0.0654,-0.0644,-0.0377,-0.0032,0.0,-0.0082,0.0815,0.1488,0.2369,0.104,1,999.0,none,0,0,DEST_BAY_02,30.0,1.9021,0,0,0.5108
11.95,239,15.3915,-1.4043,-0.3969,1.496,0.0989,15.3915,-1.3028,-0.3644,1.5,0.0671,-0.0675,-0.0375,-0.0036,0.0,-0.0078,0.0791,0.009,-0.0481,0.233,1,999.0,none,0,0,DEST_BAY_02,30.0,1.9021,0,0,0.5131
12.0,240,15.4605,-1.4332,-0.3918,1.4973,0.1015,15.4605,-1.3288,-0.3594,1.5,0.0689,-0.0707,-0.0376,-0.004,0.0,0.0251,0.0812,0.6576,0.0407,0.194,1,999.0,none,0,0,DEST_BAY_02,30.0,1.9021,0,0,0.5153
12.05,241,15.5297,-1.4618,-0.3863,1.4975,0.1116,15.5297,-1.3546,-0.3542,1.5,0.0706,-0.0738,-0.0376,-0.0027,0.0,0.0047,0.0892,-0.4072,0.1609,0.105,1,999.0,none,0,0,DEST_BAY_02,30.0,1.9021,0,0,0.5177
12.1,242,15.599,-1.49,-0.3809,1.4983,0.108,15.599,-1.3799,-0.349,1.5,0.0723,-0.077,-0.0373,-0.0025,0.0,0.0157,0.0863,0.2196,-0.0582,0.143,1,999.0,none,0,0,DEST_BAY_02,30.0,1.9021,0,0,0.52
12.15,243,15.6686,-1.5179,-0.3752,1.4996,0.1123,15.6686,-1.405,-0.3436,1.5,0.0741,-0.0801,-0.0373,-0.0017,0.0,0.0251,0.0896,0.1875,0.0668,0.131,1,999.0,none,0,0,DEST_BAY_02,30.0,1.9021,0,0,0.5223
12.2,244,15.7384,-1.5454,-0.3693,1.5008,0.1182,15.7384,-1.4296,-0.338,1.5,0.0758,-0.0833,-0.0372,-0.0004,0.0,0.0242,0.0942,-0.0185,0.0922,0.253,1,999.0,none,0,0,DEST_BAY_02,30.0,1.9021,0,0,0.5246
12.25,245,15.8083,-1.5725,-0.3635,1.5013,0.1164,15.8083,-1.4539,-0.3324,1.5,0.0776,-0.0864,-0.037,0.0008,0.0,0.0103,0.0928,-0.2762,-0.0294,0.289,1,999.0,none,0,0,DEST_BAY_02,30.0,1.9021,0,0,0.5269
12.3,246,15.8785,-1.5991,-0.3577,1.5008,0.1166,15.8785,-1.4779,-0.3266,1.5,0.0793,-0.0896,-0.037,0.0013,0.0,-0.0101,0.093,-0.4095,0.004,0.12,1,999.0,none,0,0,DEST_BAY_02,30.0,1.9021,0,0,0.5293
12.35,247,15.9488,-1.6254,-0.3516,1.5005,0.1228,15.9488,-1.5014,-0.3206,1.5,0.0811,-0.0928,-0.0371,0.0008,0.0,-0.0056,0.0979,0.0903,0.0977,0.164,1,999.0,none,0,0,DEST_BAY_02,30.0,1.9021,0,0,0.5316
12.4,248,16.0192,-1.6513,-0.3453,1.5004,0.126,16.0192,-1.5245,-0.3146,1.5,0.0828,-0.096,-0.037,0.0005,0.0,-0.0021,0.1004,0.0693,0.0509,0.261,1,999.0,none,0,0,DEST_BAY_02,30.0,1.9021,0,0,0.534
12.45,249,16.0898,-1.6766,-0.34,1.5,0.1046,16.0898,-1.5472,-0.3084,1.5,0.0845,-0.0992,-0.0369,0.0004,0.0,-0.0079,0.0835,-0.1158,-0.3382,0.208,1,999.0,none,0,0,DEST_BAY_02,30.0,1.9021,0,0,0.5363
12.5,250,16.1605,-1.7017,-0.3332,1.4992,0.1369,16.1605,-1.5694,-0.302,1.5,0.0863,-0.1024,-0.038,0.0,0.0,-0.0159,0.1091,-0.1583,0.5127,0.239,1,999.0,none,0,0,DEST_BAY_02,30.0,1.9021,0,0,0.5387
12.55,251,16.2314,-1.7262,-0.3268,1.4988,0.1265,16.2314,-1.5912,-0.2956,1.5,0.088,-0.1057,-0.0376,-0.0008,0.0,-0.0076,0.1009,0.1655,-0.1638,0.111,1,999.0,none,0,0,DEST_BAY_02,30.0,1.9021,0,0,0.541
12.6,252,16.3023,-1.7502,-0.3197,1.4994,0.1424,16.3023,-1.6125,-0.289,1.5,0.0897,-0.1089,-0.0378,-0.0012,0.0,0.0119,0.1134,0.3903,0.2501,0.128,1,999.0,none,0,0,DEST_BAY_02,30.0,1.9021,0,0,0.5434
12.65,253,16.3735,-1.7738,-0.313,1.5002,0.135,16.3735,-1.6334,-0.2823,1.5,0.0914,-0.1123,-0.0374,-0.0006,0.0,0.0152,0.1076,0.0652,-0.117,0.107,1,999.0,none,0,0,DEST_BAY_02,30.0,1.9021,0,0,0.5458
12.7,254,16.4449,-1.7969,-0.3055,1.5001,0.1501,16.4449,-1.6537,-0.2755,1.5,0.0931,-0.1155,-0.0375,0.0002,0.0,-0.0012,0.1195,-0.3282,0.238,0.154,1,999.0,none,0,0,DEST_BAY_02,30.0,1.9021,0,0,0.5482
12.75,255,16.5164,-1.8194,-0.2981,1.5001,0.1474,16.5164,-1.6736,-0.2685,1.5,0.0948,-0.1188,-0.0369,0.0001,0.0,0.0002,0.1174,0.0288,-0.0423,0.163,1,999.0,none,0,0,DEST_BAY_02,30.0,1.9021,0,0,0.5505
12.8,256,16.5881,-1.8415,-0.2915,1.5,0.1313,16.5881,-1.6931,-0.2615,1.5,0.0964,-0.1221,-0.0366,0.0001,0.0,-0.0021,0.1047,-0.0457,-0.2539,0.195,1,999.0,none,0,0,DEST_BAY_02,30.0,1.9021,0,0,0.5529
12.85,257,16.6599,-1.863,-0.2844,1.4989,0.1419,16.6599,-1.712,-0.2542,1.5,0.098,-0.1253,-0.0373,0.0,0.0,-0.0225,0.1131,-0.4079,0.1691,0.266,1,999.0,none,0,0,DEST_BAY_02,30.0,1.9021,0,0,0.5553
12.9,258,16.7319,-1.8841,-0.2769,1.4969,0.151,16.7319,-1.7304,-0.2469,1.5,0.0997,-0.1287,-0.0375,-0.0011,0.0,-0.0407,0.1205,-0.3644,0.1469,0.171,1,999.0,none,0,0,DEST_BAY_02,30.0,1.9021,0,0,0.5577
12.95,259,16.8039,-1.9045,-0.2692,1.4983,0.1538,16.8039,-1.7482,-0.2395,1.5,0.1012,-0.132,-0.0374,-0.0031,0.0,0.0274,0.1225,1.3621,0.041,0.13,1,999.0,none,0,0,DEST_BAY_02,30.0,1.9021,0,0,0.5601
13.0,260,16.8761,-1.9245,-0.2611,1.4983,0.1621,16.8761,-1.7655,-0.2319,1.5,0.1028,-0.1353,-0.0373,-0.0017,0.0,0.0012,0.1291,-0.5249,0.1312,0.198,1,999.0,none,0,0,DEST_BAY_02,30.0,1.9021,0,0,0.5625
13.05,261,16.9485,-1.9438,-0.2531,1.497,0.1592,16.9485,-1.7823,-0.2242,1.5,0.1043,-0.1386,-0.0368,-0.0017,0.0,-0.0262,0.1269,-0.5475,-0.0429,0.249,1,999.0,none,0,0,DEST_BAY_02,30.0,1.9021,0,0,0.5649
13.1,262,17.0209,-1.9625,-0.2453,1.4968,0.1572,17.0209,-1.7985,-0.2164,1.5,0.1058,-0.1419,-0.0367,-0.003,0.0,-0.0047,0.1254,0.4288,-0.0311,0.23,1,999.0,none,0,0,DEST_BAY_02,30.0,1.9021,0,0,0.5674
13.15,263,17.0935,-1.9807,-0.2377,1.4974,0.1516,17.0935,-1.8141,-0.2085,1.5,0.1073,-0.1452,-0.0367,-0.0032,0.0,0.0123,0.1209,0.3415,-0.0895,0.172,1,999.0,none,0,0,DEST_BAY_02,30.0,1.9021,0,0,0.5698
13.2,264,17.1663,-1.9983,-0.2294,1.498,0.1654,17.1663,-1.8292,-0.2005,1.5,0.1087,-0.1485,-0.0371,-0.0026,0.0,0.0119,0.1317,-0.0087,0.2155,0.278,1,999.0,none,0,0,DEST_BAY_02,30.0,1.9021,0,0,0.5722
13.25,265,17.2392,-2.0154,-0.2214,1.4972,0.1597,17.2392,-1.8437,-0.1924,1.5,0.1101,-0.1518,-0.037,-0.002,0.0,-0.0151,0.1273,-0.5401,-0.0884,0.169,1,999.0,none,0,0,DEST_BAY_02,30.0,1.9021,0,0,0.5746
13.3,266,17.3123,-2.0318,-0.213,1.4972,0.1685,17.3123,-1.8576,-0.1842,1.5,0.1115,-0.1551,-0.0372,-0.0028,0.0,0.0,0.1343,0.3023,0.1399,0.174,1,999.0,none,0,0,DEST_BAY_02,30.0,1.9021,0,0,0.5771
13.35,267,17.3854,-2.0476,-0.2048,1.4973,0.1645,17.3854,-1.8708,-0.1759,1.5,0.1128,-0.1585,-0.0371,-0.0028,0.0,0.0024,0.1311,0.0478,-0.0631,0.18,1,999.0,none,0,0,DEST_BAY_02,30.0,1.9021,0,0,0.5795
13.4,268,17.4587,-2.0629,-0.1967,1.4971,0.1617,17.4587,-1.8835,-0.1674,1.5,0.1141,-0.1618,-0.0373,-0.0027,0.0,-0.0051,0.1289,-0.1495,-0.0438,0.137,1,999.0,none,0,0,DEST_BAY_02,30.0,1.9021,0,0,0.582
13.45,269,17.5321,-2.0775,-0.1876,1.496,0.1818,17.5321,-1.8956,-0.1589,1.5,0.1153,-0.1651,-0.0378,-0.0029,0.0,-0.021,0.1448,-0.3178,0.3182,0.132,1,999.0,none,0,0,DEST_BAY_02,30.0,1.9021,0,0,0.5844
13.5,270,17.6056,-2.0914,-0.1784,1.497,0.183,17.6056,-1.907,-0.1503,1.5,0.1164,-0.1685,-0.0373,-0.004,0.0,0.019,0.1457,0.7994,0.0163,0.284,1,999.0,none,0,0,DEST_BAY_02,30.0,1.9021,0,0,0.5869
13.55,271,17.6793,-2.1047,-0.1689,1.4978,0.1915,17.6793,-1.9178,-0.1416,1.5,0.1175,-0.1718,-0.0368,-0.003,0.0,0.0163,0.1522,-0.0535,0.1313,0.295,1,999.0,none,0,0,DEST_BAY_02,30.0,1.9021,0,0,0.5893
13.6,272,17.7531,-2.1173,-0.1599,1.4963,0.1784,17.7531,-1.928,-0.1328,1.5,0.1186,-0.1751,-0.036,-0.0022,0.0,-0.0311,0.1421,-0.9485,-0.2024,0.225,1,999.0,none,0,0,DEST_BAY_02,30.0,1.9021,0,0,0.5918
13.65,273,17.827,-2.1292,-0.1504,1.4974,0.1908,17.827,-1.9376,-0.124,1.5,0.1196,-0.1784,-0.036,-0.0037,0.0,0.0236,0.1517,1.0943,0.1926,0.248,1,999.0,none,0,0,DEST_BAY_02,30.0,1.9021,0,0,0.5942
13.7,274,17.901,-2.1404,-0.1407,1.4979,0.1946,17.901,-1.9464,-0.1151,1.5,0.1205,-0.1816,-0.0354,-0.0026,0.0,0.0101,0.1547,-0.2699,0.059,0.198,1,999.0,none,0,0,DEST_BAY_02,30.0,1.9021,0,0,0.5967
13.75,275,17.9752,-2.1509,-0.1309,1.4983,0.1962,17.9752,-1.9546,-0.106,1.5,0.1214,-0.1848,-0.0346,-0.0021,0.0,0.0074,0.1558,-0.0535,0.023,0.154,1,999.0,none,0,0,DEST_BAY_02,30.0,1.9021,0,0,0.5992
13.8,276,18.0494,-2.1607,-0.121,1.4983,0.1979,18.0494,-1.9622,-0.097,1.5,0.1222,-0.1879,-0.0339,-0.0017,0.0,-0.0012,0.1572,-0.1728,0.0276,0.11,1,999.0,none,0,0,DEST_BAY_02,30.0,1.9021,0,0,0.6016
13.85,277,18.1238,-2.1698,-0.1115,1.499,0.1905,18.1238,-1.9691,-0.0878,1.5,0.1229,-0.1909,-0.0332,-0.0017,0.0,0.0156,0.1513,0.3351,-0.118,0.138,1,999.0,none,0,0,DEST_BAY_02,30.0,1.9021,0,0,0.6041
13.9,278,18.1983,-2.1781,-0.1026,1.4987,0.1763,18.1983,-1.9753,-0.0786,1.5,0.1236,-0.1939,-0.0328,-0.001,0.0,-0.0058,0.1402,-0.4266,-0.2212,0.113,1,999.0,none,0,0,DEST_BAY_02,30.0,1.9021,0,0,0.6066
13.95,279,18.2728,-2.1858,-0.0921,1.4998,0.2119,18.2728,-1.9808,-0.0694,1.5,0.1242,-0.1968,-0.0333,-0.0013,0.0,0.0215,0.1679,0.5449,0.5534,0.221,1,999.0,none,0,0,DEST_BAY_02,30.0,1.9021,0,0,0.6091
14.0,280,18.3475,-2.1927,-0.0818,1.4992,0.2059,18.3475,-1.9856,-0.0601,1.5,0.1247,-0.1998,-0.032,-0.0002,0.0,-0.0119,0.1633,-0.6683,-0.0914,0.181,1,999.0,none,0,0,DEST_BAY_02,30.0,1.9021,0,0,0.6116
14.05,281,18.4222,-2.1988,-0.0718,1.4997,0.2003,18.4222,-1.9898,-0.0507,1.5,0.1252,-0.2026,-0.031,-0.0008,0.0,0.01,0.1589,0.438,-0.0891,0.233,1,999.0,none,0,0,DEST_BAY_02,30.0,1.9021,0,0,0.6141
14.1,282,18.497,-2.2042,-0.0616,1.4977,0.2024,18.497,-1.9932,-0.0413,1.5,0.1256,-0.2054,-0.0304,-0.0003,0.0,-0.0409,0.1608,-1.0169,0.0381,0.109,1,999.0,none,0,0,DEST_BAY_02,30.0,1.9021,0,0,0.6166
14.15,283,18.5717,-2.2088,-0.0518,1.4983,0.1963,18.5717,-1.996,-0.0319,1.5,0.1259,-0.2081,-0.0297,-0.0023,0.0,0.0117,0.1559,1.0514,-0.0974,0.192,1,999.0,none,0,0,DEST_BAY_02,30.0,1.9021,0,0,0.6191
14.2,284,18.6466,-2.2127,-0.0412,1.4987,0.2126,18.6466,-1.998,-0.0225,1.5,0.1261,-0.2107,-0.0293,-0.0017,0.0,0.008,0.1686,-0.0739,0.2544,0.11,1,999.0,none,0,0,DEST_BAY_02,30.0,1.9021,0,0,0.6216
14.25,285,18.7214,-2.2157,-0.0311,1.4968,0.2004,18.7214,-1.9993,-0.0131,1.5,0.1263,-0.2133,-0.0281,-0.0013,0.0,-0.0378,0.1593,-0.9162,-0.1872,0.221,1,999.0,none,0,0,DEST_BAY_02,30.0,1.9021,0,0,0.624
14.3,286,18.7962,-2.2181,-0.0207,1.498,0.2083,18.7962,-1.9999,-0.0036,1.5,0.1263,-0.2158,-0.0275,-0.0032,0.0,0.0245,0.1653,1.2474,0.1205,0.105,1,999.0,none,0,0,DEST_BAY_02,30.0,1.9021,0,0,0.6265
14.35,287,18.8711,-2.2196,-0.0096,1.4995,0.2223,18.8711,-1.9999,0.0058,1.5,0.1263,-0.2182,-0.0266,-0.002,0.0,0.0308,0.1761,0.126,0.2153,0.242,1,999.0,none,0,0,DEST_BAY_02,30.0,1.9021,0,0,0.629
14.4,288,18.9461,-2.2204,0.0007,1.5,0.206,18.9461,-1.9991,0.0153,1.5,0.1262,-0.2205,-0.0249,-0.0005,0.0,0.0092,0.1634,-0.432,-0.2542,0.179,1,999.0,none,0,0,DEST_BAY_02,30.0,1.9021,0,0,0.6315
14.45,289,19.0211,-2.2203,0.0109,1.5007,0.2057,19.0211,-1.9976,0.0248,1.5,0.1261,-0.2227,-0.0241,-0.0,0.0,0.0143,0.1631,0.1008,-0.0061,0.222,1,999.0,none,0,0,DEST_BAY_02,30.0,1.9021,0,0,0.634
14.5,290,19.0961,-2.2195,0.021,1.501,0.2002,19.0961,-1.9954,0.0342,1.5,0.1258,-0.2248,-0.0233,0.0007,0.0,0.0051,0.1587,-0.1832,-0.087,0.265,1,999.0,none,0,0,DEST_BAY_02,30.0,1.9021,0,0,0.6365
14.55,291,19.1711,-2.2179,0.032,1.5003,0.2215,19.1711,-1.9924,0.0436,1.5,0.1255,-0.2268,-0.0227,0.001,0.0,-0.0138,0.1753,-0.3791,0.3326,0.163,1,999.0,none,0,0,DEST_BAY_02,30.0,1.9021,0,0,0.639
14.6,292,19.2461,-2.2155,0.0421,1.4997,0.2004,19.2461,-1.9888,0.0531,1.5,0.1251,-0.2288,-0.021,0.0003,0.0,-0.0125,0.159,0.0276,-0.3269,0.269,1,999.0,none,0,0,DEST_BAY_02,30.0,1.9021,0,0,0.6415
14.65,293,19.321,-2.2124,0.0525,1.5008,0.2089,19.321,-1.9845,0.0624,1.5,0.1246,-0.2306,-0.0204,-0.0003,0.0,0.0229,0.1655,0.7065,0.1307,0.231,1,999.0,none,0,0,DEST_BAY_02,30.0,1.9021,0,0,0.644
14.7,294,19.396,-2.2084,0.0625,1.5001,0.2002,19.396,-1.9794,0.0718,1.5,0.1241,-0.2323,-0.0193,0.0008,0.0,-0.0135,0.1588,-0.7273,-0.1343,0.109,1,999.0,none,0,0,DEST_BAY_02,30.0,1.9021,0,0,0.6465
14.75,295,19.4708,-2.2037,0.0734,1.5011,0.2182,19.4708,-1.9737,0.0811,1.5,0.1234,-0.2339,-0.0186,0.0001,0.0,0.019,0.1727,0.6492,0.2773,0.21,1,999.0,none,0,0,DEST_BAY_02,30.0,1.9021,0,0,0.649
14.8,296,19.5457,-2.1982,0.0838,1.5002,0.2079,19.5457,-1.9673,0.0903,1.5,0.1228,-0.2355,-0.0169,0.0011,0.0,-0.0175,0.1648,-0.7293,-0.157,0.288,1,999.0,none,0,0,DEST_BAY_02,30.0,1.9021,0,0,0.6515
14.85,297,19.6204,-2.1919,0.0947,1.4998,0.2184,19.6204,-1.9601,0.0995,1.5,0.122,-0.2369,-0.0157,0.0002,0.0,-0.0078,0.173,0.194,0.164,0.227,1,999.0,none,0,0,DEST_BAY_02,30.0,1.9021,0,0,0.654
14.9,298,19.6951,-2.1849,0.105,1.4996,0.2053,19.6951,-1.9523,0.1087,1.5,0.1212,-0.2382,-0.0139,-0.0002,0.0,-0.0049,0.1629,0.0577,-0.2034,0.144,1,999.0,none,0,0,DEST_BAY_02,30.0,1.9021,0,0,0.6565
14.95,299,19.7697,-2.177,0.1152,1.4987,0.2043,19.7697,-1.9438,0.1177,1.5,0.1203,-0.2393,-0.0127,-0.0004,0.0,-0.0167,0.1621,-0.2354,-0.0149,0.202,1,999.0,none,0,0,DEST_BAY_02,30.0,1.9021,0,0,0.659
15.0,300,19.8441,-2.1684,0.1261,1.4989,0.2167,19.8441,-1.9347,0.1267,1.5,0.1193,-0.2404,-0.0115,-0.0013,0.0,0.0036,0.1718,0.4057,0.1939,0.164,1,999.0,none,0,0,DEST_BAY_02,30.0,1.9021,0,0,0.6615
15.05,301,19.9184,-2.159,0.1355,1.4983,0.1889,19.9184,-1.9249,0.1356,1.5,0.1183,-0.2413,-0.0096,-0.0011,0.0,-0.0116,0.1501,-0.304,-0.4333,0.257,1,999.0,none,0,0,DEST_BAY_02,30.0,1.9021,0,0,0.6639
15.1,302,19.9927,-2.1488,0.1459,1.4982,0.2069,19.9927,-1.9144,0.1445,1.5,0.1172,-0.242,-0.009,-0.0017,0.0,-0.0016,0.1642,0.1993,0.2818,0.274,1,999.0,none,0,0,DEST_BAY_02,30.0,1.9021,0,0,0.6664
15.15,303,20.0668,-2.1379,0.1564,1.4981,0.2105,20.0668,-1.9032,0.1532,1.5,0.116,-0.2427,-0.0074,-0.0018,0.0,-0.003,0.1671,-0.0275,0.0566,0.119,1,999.0,none,0,0,DEST_BAY_02,30.0,1.9021,0,0,0.6689
15.2,304,20.1408,-2.1263,0.1667,1.4989,0.2067,20.1408,-1.8915,0.1619,1.5,0.1148,-0.2433,-0.0055,-0.0019,0.0,0.0151,0.164,0.3626,-0.061,0.28,1,999.0,none,0,0,DEST_BAY_02,30.0,1.9021,0,0,0.6714
15.25,305,20.2147,-2.1138,0.1767,1.4994,0.2005,20.2147,-1.8791,0.1705,1.5,0.1136,-0.2436,-0.0038,-0.0011,0.0,0.0108,0.1591,-0.0873,-0.0981,0.162,1,999.0,none,0,0,DEST_BAY_02,30.0,1.9021,0,0,0.6738
15.3,306,20.2885,-2.1007,0.187,1.4987,0.2053,20.2885,-1.866,0.1789,1.5,0.1123,-0.2439,-0.0022,-0.0006,0.0,-0.0137,0.1629,-0.4892,0.0765,0.143,1,999.0,none,0,0,DEST_BAY_02,30.0,1.9021,0,0,0.6763
15.35,307,20.3621,-2.0867,0.1962,1.4973,0.1831,20.3621,-1.8523,0.1873,1.5,0.111,-0.244,-0.0003,-0.0013,0.0,-0.0274,0.1457,-0.2745,-0.3445,0.189,1,999.0,none,0,0,DEST_BAY_02,30.0,1.9021,0,0,0.6787
15.4,308,20.4355,-2.0721,0.2059,1.4974,0.1954,20.4355,-1.8381,0.1956,1.5,0.1096,-0.2439,0.0006,-0.0027,0.0,0.0013,0.1553,0.575,0.1921,0.113,1,999.0,none,0,0,DEST_BAY_02,30.0,1.9021,0,0,0.6812
15.45,309,20.5088,-2.0568,0.2152,1.4973,0.1843,20.5088,-1.8232,0.2038,1.5,0.1082,-0.2438,0.0022,-0.0026,0.0,-0.002,0.1466,-0.0662,-0.1739,0.25,1,999.0,none,0,0,DEST_BAY_02,30.0,1.9021,0,0,0.6836
15.5,310,20.582,-2.0408,0.2241,1.4974,0.1789,20.582,-1.8078,0.2118,1.5,0.1067,-0.2435,0.0033,-0.0027,0.0,0.0023,0.1424,0.0851,-0.0838,0.167,1,999.0,none,0,0,DEST_BAY_02,30.0,1.9021,0,0,0.6861
15.55,311,20.655,-2.0242,0.2334,1.4974,0.1862,20.655,-1.7917,0.2197,1.5,0.1052,-0.2431,0.0044,-0.0026,0.0,-0.0009,0.1482,-0.0639,0.1148,0.271,1,999.0,none,0,0,DEST_BAY_02,30.0,1.9021,0,0,0.6885
15.6,312,20.7278,-2.0069,0.2433,1.4973,0.1983,20.7278,-1.7751,0.2276,1.5,0.1037,-0.2427,0.0059,-0.0026,0.0,-0.0011,0.1576,-0.0038,0.1894,0.142,1,999.0,none,0,0,DEST_BAY_02,30.0,1.9021,0,0,0.6909
15.65,313,20.8005,-1.9889,0.2526,1.4979,0.1857,20.8005,-1.758,0.2353,1.5,0.1021,-0.2421,0.0081,-0.0027,0.0,0.0117,0.1477,0.2559,-0.1997,0.296,1,999.0,none,0,0,DEST_BAY_02,30.0,1.9021,0,0,0.6933
15.7,314,20.873,-1.9701,0.2617,1.4976,0.1812,20.873,-1.7403,0.2428,1.5,0.1005,-0.2413,0.0098,-0.0021,0.0,-0.0065,0.1442,-0.3644,-0.0695,0.118,1,999.0,none,0,0,DEST_BAY_02,30.0,1.9021,0,0,0.6958
15.75,315,20.9453,-1.9508,0.2709,1.4986,0.1852,20.9453,-1.722,0.2503,1.5,0.0989,-0.2404,0.0114,-0.0024,0.0,0.0212,0.1473,0.5546,0.0615,0.114,1,999.0,none,0,0,DEST_BAY_02,30.0,1.9021,0,0,0.6982
15.8,316,21.0175,-1.9307,0.2792,1.4993,0.1648,21.0175,-1.7032,0.2576,1.5,0.0973,-0.2394,0.0133,-0.0014,0.0,0.0137,0.1312,-0.1502,-0.3214,0.229,1,999.0,none,0,0,DEST_BAY_02,30.0,1.9021,0,0,0.7006
15.85,317,21.0896,-1.9101,0.2877,1.4992,0.1702,21.0896,-1.6839,0.2648,1.5,0.0956,-0.2382,0.0143,-0.0007,0.0,-0.0014,0.1354,-0.3012,0.0838,0.269,1,999.0,none,0,0,DEST_BAY_02,30.0,1.9021,0,0,0.703
15.9,318,21.1615,-1.8888,0.2964,1.4997,0.1742,21.1615,-1.6641,0.2719,1.5,0.0939,-0.2369,0.0158,-0.0008,0.0,0.0089,0.1385,0.205,0.0619,0.287,1,999.0,none,0,0,DEST_BAY_02,30.0,1.9021,0,0,0.7054
15.95,319,21.2332,-1.8669,0.3045,1.4993,0.1632,21.2332,-1.6438,0.2789,1.5,0.0923,-0.2355,0.0175,-0.0003,0.0,-0.0071,0.1299,-0.3196,-0.1718,0.272,1,999.0,none,0,0,DEST_BAY_02,30.0,1.9021,0,0,0.7078
16.0,320,21.3047,-1.8444,0.3121,1.5009,0.1522,21.3047,-1.623,0.2857,1.5,0.0905,-0.234,0.0188,-0.0007,0.0,0.0316,0.1211,0.7736,-0.1749,0.129,1,999.0,none,0,0,DEST_BAY_02,30.0,1.9021,0,0,0.7102
16.05,321,21.3761,-1.8214,0.3198,1.5004,0.1537,21.3761,-1.6017,0.2924,1.5,0.0888,-0.2324,0.0198,0.0009,0.0,-0.0104,0.1223,-0.8391,0.0234,0.291,1,999.0,none,0,0,DEST_BAY_02,30.0,1.9021,0,0,0.7125
16.1,322,21.4473,-1.7978,0.3277,1.5002,0.1583,21.4473,-1.58,0.299,1.5,0.0871,-0.2307,0.0209,0.0004,0.0,-0.0037,0.126,0.1336,0.0735,0.118,1,999.0,none,0,0,DEST_BAY_02,30.0,1.9021,0,0,0.7149
16.15,323,21.5183,-1.7736,0.3355,1.4992,0.1541,21.5183,-1.5578,0.3054,1.5,0.0854,-0.2289,0.0224,0.0002,0.0,-0.0191,0.1227,-0.3085,-0.0652,0.101,1,999.0,none,0,0,DEST_BAY_02,30.0,1.9021,0,0,0.7173
16.2,324,21.5891,-1.749,0.3433,1.4996,0.1565,21.5891,-1.5351,0.3117,1.5,0.0836,-0.227,0.0238,-0.0008,0.0,0.0068,0.1246,0.5196,0.0377,0.139,1,999.0,none,0,0,DEST_BAY_02,30.0,1.9021,0,0,0.7196
16.25,325,21.6597,-1.7237,0.3504,1.5,0.1423,21.6597,-1.5121,0.3178,1.5,0.0819,-0.225,0.0254,-0.0004,0.0,0.0077,0.1134,0.0179,-0.2242,0.169,1,999.0,none,0,0,DEST_BAY_02,30.0,1.9021,0,0,0.722
16.3,326,21.7302,-1.698,0.3576,1.4996,0.1446,21.7302,-1.4886,0.3239,1.5,0.0801,-0.2229,0.0265,-0.0,0.0,-0.0065,0.1152,-0.2855,0.0363,0.242,1,999.0,none,0,0,DEST_BAY_02,30.0,1.9021,0,0,0.7243
16.35,327,21.8004,-1.6717,0.3638,1.5011,0.1243,21.8004,-1.4647,0.3298,1.5,0.0784,-0.2207,0.0279,-0.0004,0.0,0.0293,0.099,0.7168,-0.3239,0.186,1,999.0,none,0,0,DEST_BAY_02,30.0,1.9021,0,0,0.7267
16.4,328,21.8706,-1.645,0.3704,1.5006,0.1321,21.8706,-1.4405,0.3355,1.5,0.0766,-0.2184,0.0283,0.0011,0.0,-0.0093,0.1052,-0.7723,0.1244,0.247,1,999.0,none,0,0,DEST_BAY_02,30.0,1.9021,0,0,0.729
16.45,329,21.9405,-1.6178,0.3775,1.5008,0.1412,21.9405,-1.4158,0.3412,1.5,0.0748,-0.216,0.0293,0.0006,0.0,0.0032,0.1124,0.2507,0.1444,0.2,1,999.0,none,0,0,DEST_BAY_02,30.0,1.9021,0,0,0.7313
16.5,330,22.0103,-1.5902,0.3835,1.5016,0.1206,22.0103,-1.3907,0.3466,1.5,0.0731,-0.2136,0.0309,0.0008,0.0,0.0166,0.0961,0.2673,-0.3278,0.23,1,999.0,none,0,0,DEST_BAY_02,30.0,1.9021,0,0,0.7337
16.55,331,22.0799,-1.5621,0.3899,1.5022,0.1266,22.0799,-1.3653,0.352,1.5,0.0713,-0.2111,0.0315,0.0016,0.0,0.0119,0.1008,-0.0934,0.0947,0.129,1,999.0,none,0,0,DEST_BAY_02,30.0,1.9021,0,0,0.736
16.6,332,22.1494,-1.5335,0.3967,1.5011,0.1371,22.1494,-1.3395,0.3572,1.5,0.0696,-0.2085,0.0326,0.0022,0.0,-0.0236,0.1092,-0.7101,0.1674,0.148,1,999.0,none,0,0,DEST_BAY_02,30.0,1.9021,0,0,0.7383
16.65,333,22.2186,-1.5045,0.4024,1.5018,0.1142,22.2186,-1.3134,0.3623,1.5,0.0678,-0.2058,0.0344,0.0011,0.0,0.0153,0.091,0.7783,-0.363,0.131,1,999.0,none,0,0,DEST_BAY_02,30.0,1.9021,0,0,0.7406
16.7,334,22.2877,-1.4751,0.4072,1.5004,0.0954,22.2877,-1.287,0.3673,1.5,0.0661,-0.2031,0.0351,0.0018,0.0,-0.0281,0.0761,-0.8691,-0.298,0.117,1,999.0,none,0,0,DEST_BAY_02,30.0,1.9021,0,0,0.7429
16.75,335,22.3566,-1.4454,0.4134,1.5005,0.1244,22.3566,-1.2602,0.3721,1.5,0.0643,-0.2002,0.0351,0.0004,0.0,0.0025,0.0991,0.6115,0.4606,0.161,1,999.0,none,0,0,DEST_BAY_02,30.0,1.9021,0,0,0.7452
16.8,336,22.4253,-1.4153,0.4189,1.5002,0.11,22.4253,-1.2331,0.3768,1.5,0.0626,-0.1974,0.0366,0.0005,0.0,-0.0066,0.0878,-0.1812,-0.2274,0.236,1,999.0,none,0,0,DEST_BAY_02,30.0,1.9021,0,0,0.7475
16.85,337,22.4938,-1.3848,0.4241,1.4997,0.1039,22.4938,-1.2058,0.3814,1.5,0.0609,-0.1945,0.0375,0.0002,0.0,-0.0093,0.0829,-0.054,-0.0973,0.122,1,999.0,none,0,0,DEST_BAY_02,30.0,1.9021,0,0,0.7498
16.9,338,22.5621,-1.3539,0.4293,1.5009,0.1048,22.5621,-1.1781,0.3858,1.5,0.0592,-0.1915,0.0383,-0.0003,0.0,0.0237,0.0836,0.6595,0.0138,0.105,1,999.0,none,0,0,DEST_BAY_02,30.0,1.9021,0,0,0.7521
16.95,339,22.6304,-1.3227,0.4345,1.5018,0.1037,22.6304,-1.1502,0.3901,1.5,0.0575,-0.1884,0.0392,0.0009,0.0,0.0172,0.0827,-0.1289,-0.0184,0.219,1,999.0,none,0,0,DEST_BAY_02,30.0,1.9021,0,0,0.7543
17.0,340,22.6985,-1.2911,0.4394,1.5016,0.097,22.6985,-1.1219,0.3943,1.5,0.0558,-0.1853,0.0402,0.0018,0.0,-0.0042,0.0774,-0.4279,-0.1056,0.177,1,999.0,none,0,0,DEST_BAY_02,30.0,1.9021,0,0,0.7566
17.05,341,22.7664,-1.2591,0.444,1.5017,0.0921,22.7664,-1.0934,0.3984,1.5,0.0541,-0.1822,0.041,0.0016,0.0,0.0025,0.0735,0.1331,-0.0783,0.266,1,999.0,none,0,0,DEST_BAY_02,30.0,1.9021,0,0,0.7589
17.1,342,22.8342,-1.2269,0.4485,1.5018,0.0897,22.8342,-1.0647,0.4023,1.5,0.0524,-0.1789,0.0417,0.0017,0.0,0.0025,0.0716,0.0003,-0.0385,0.198,1,999.0,none,0,0,DEST_BAY_02,30.0,1.9021,0,0,0.7611
17.15,343,22.9019,-1.1943,0.452,1.5019,0.0703,22.9019,-1.0357,0.4061,1.5,0.0507,-0.1757,0.0424,0.0018,0.0,0.0013,0.0561,-0.0241,-0.3083,0.274,1,999.0,none,0,0,DEST_BAY_02,30.0,1.9021,0,0,0.7634
17.2,344,22.9695,-1.1615,0.4562,1.502,0.0839,22.9695,-1.0064,0.4098,1.5,0.0491,-0.1723,0.0422,0.0019,0.0,0.0022,0.0669,0.0187,0.2152,0.137,1,999.0,none,0,0,DEST_BAY_02,30.0,1.9021,0,0,0.7656
17.25,345,23.0369,-1.1284,0.4607,1.5019,0.0911,23.0369,-0.9769,0.4133,1.5,0.0474,-0.169,0.0428,0.002,0.0,-0.0016,0.0726,-0.0767,0.1147,0.115,1,999.0,none,0,0,DEST_BAY_02,30.0,1.9021,0,0,0.7679
17.3,346,23.1041,-1.0951,0.4642,1.5016,0.0692,23.1041,-0.9472,0.4168,1.5,0.0457,-0.1657,0.044,0.0019,0.0,-0.0075,0.0553,-0.117,-0.3473,0.107,1,999.0,none,0,0,DEST_BAY_02,30.0,1.9021,0,0,0.7701
17.35,347,23.1713,-1.0614,0.4675,1.5013,0.0661,23.1713,-0.9173,0.4201,1.5,0.0441,-0.1623,0.0441,0.0016,0.0,-0.0059,0.0528,0.0311,-0.0493,0.172,1,999.0,none,0,0,DEST_BAY_02,30.0,1.9021,0,0,0.7724
17.4,348,23.2383,-1.0276,0.4714,1.5022,0.0781,23.2383,-0.8872,0.4233,1.5,0.0425,-0.1589,0.0442,0.0013,0.0,0.0181,0.0623,0.4807,0.1906,0.105,1,999.0,none,0,0,DEST_BAY_02,30.0,1.9021,0,0,0.7746
17.45,349,23.3052,-0.9935,0.4744,1.5023,0.0606,23.3052,-0.8569,0.4263,1.5,0.0409,-0.1554,0.0451,0.0022,0.0,0.0028,0.0484,-0.3068,-0.2795,0.2,1,999.0,none,0,0,DEST_BAY_02,30.0,1.9021,0,0,0.7768
17.5,350,23.372,-0.9592,0.477,1.5022,0.0506,23.372,-0.8264,0.4293,1.5,0.0392,-0.152,0.0452,0.0023,0.0,-0.0012,0.0404,-0.0798,-0.1595,0.115,1,999.0,none,0,0,DEST_BAY_02,30.0,1.9021,0,0,0.7791
17.55,351,23.4387,-0.9247,0.48,1.5024,0.0605,23.4387,-0.7957,0.4321,1.5,0.0376,-0.1485,0.0449,0.0022,0.0,0.0031,0.0483,0.0862,0.1576,0.214,1,999.0,none,0,0,DEST_BAY_02,30.0,1.9021,0,0,0.7813
17.6,352,23.5054,-0.89,0.4836,1.5016,0.0719,23.5054,-0.7648,0.4348,1.5,0.036,-0.145,0.0452,0.0024,0.0,-0.0164,0.0574,-0.3892,0.1822,0.22,1,999.0,none,0,0,DEST_BAY_02,30.0,1.9021,0,0,0.7835
17.65,353,23.5718,-0.8551,0.4865,1.5016,0.0577,23.5718,-0.7337,0.4374,1.5,0.0345,-0.1416,0.0462,0.0016,0.0,0.0013,0.0461,0.3527,-0.2264,0.1,1,999.0,none,0,0,DEST_BAY_02,30.0,1.9021,0,0,0.7857
17.7,354,23.6382,-0.82,0.4886,1.5011,0.0429,23.6382,-0.7026,0.4399,1.5,0.0329,-0.138,0.0466,0.0016,0.0,-0.011,0.0343,-0.2449,-0.2352,0.152,1,999.0,none,0,0,DEST_BAY_02,30.0,1.9021,0,0,0.7879
17.75,355,23.7045,-0.7848,0.4909,1.4998,0.0466,23.7045,-0.6712,0.4422,1.5,0.0313,-0.1345,0.0464,0.0011,0.0,-0.0259,0.0373,-0.2994,0.0594,0.183,1,999.0,none,0,0,DEST_BAY_02,30.0,1.9021,0,0,0.7901
17.8,356,23.7706,-0.7494,0.494,1.5001,0.0615,23.7706,-0.6397,0.4445,1.5,0.0297,-0.1309,0.0465,-0.0002,0.0,0.0063,0.0492,0.6446,0.2384,0.104,1,999.0,none,0,0,DEST_BAY_02,30.0,1.9021,0,0,0.7924
17.85,357,23.8367,-0.7139,0.497,1.4977,0.0593,23.8367,-0.6082,0.4466,1.5,0.0282,-0.1274,0.0474,0.0001,0.0,-0.0475,0.0475,-1.0762,-0.0346,0.214,1,999.0,none,0,0,DEST_BAY_02,30.0,1.9021,0,0,0.7946
17.9,358,23.9025,-0.6782,0.4994,1.4975,0.0484,23.9025,-0.5765,0.4486,1.5,0.0266,-0.1238,0.0484,-0.0023,0.0,-0.0038,0.0388,0.8738,-0.1736,0.273,1,999.0,none,0,0,DEST_BAY_02,30.0,1.9021,0,0,0.7967
17.95,359,23.9682,-0.6423,0.5011,1.4975,0.0346,23.9682,-0.5447,0.4505,1.5,0.0251,-0.1201,0.0489,-0.0025,0.0,-0.0012,0.0277,0.0514,-0.2209,0.203,1,999.0,none,0,0,DEST_BAY_02,30.0,1.9021,0,0,0.7989
18.0,360,24.0339,-0.6063,0.5022,1.4985,0.0206,24.0339,-0.5128,0.4523,1.5,0.0236,-0.1164,0.0489,-0.0025,0.0,0.0208,0.0165,0.4401,-0.2249,0.147,1,999.0,none,0,0,DEST_BAY_02,30.0,1.9021,0,0,0.8011
18.05,361,24.0996,-0.5703,0.5035,1.4993,0.0263,24.0996,-0.4809,0.4539,1.5,0.022,-0.1128,0.0482,-0.0015,0.0,0.0165,0.0211,-0.0858,0.0921,0.247,1,999.0,none,0,0,DEST_BAY_02,30.0,1.9021,0,0,0.8033
18.1,362,24.1652,-0.5341,0.5053,1.499,0.0362,24.1652,-0.4488,0.4555,1.5,0.0205,-0.1091,0.048,-0.0007,0.0,-0.0075,0.029,-0.48,0.1577,0.186,1,999.0,none,0,0,DEST_BAY_02,30.0,1.9021,0,0,0.8055
18.15,363,24.2308,-0.4978,0.5062,1.4989,0.0182,24.2308,-0.4165,0.4569,1.5,0.019,-0.1055,0.0484,-0.001,0.0,-0.0016,0.0146,0.1185,-0.2876,0.137,1,999.0,none,0,0,DEST_BAY_02,30.0,1.9021,0,0,0.8077
18.2,364,24.2964,-0.4615,0.5065,1.4987,0.0068,24.2964,-0.3842,0.4583,1.5,0.0175,-0.1019,0.0479,-0.0011,0.0,-0.0043,0.0055,-0.0548,-0.1826,0.169,1,999.0,none,0,0,DEST_BAY_02,30.0,1.9021,0,0,0.8099
18.25,365,24.3619,-0.4251,0.5071,1.4987,0.0106,24.3619,-0.3518,0.4595,1.5,0.016,-0.0983,0.0471,-0.0013,0.0,0.0011,0.0085,0.1096,0.0601,0.208,1,999.0,none,0,0,DEST_BAY_02,30.0,1.9021,0,0,0.8121
18.3,366,24.4274,-0.3887,0.5079,1.4995,0.0158,24.4274,-0.3194,0.4606,1.5,0.0145,-0.0947,0.0465,-0.0013,0.0,0.0158,0.0126,0.2924,0.0833,0.297,1,999.0,none,0,0,DEST_BAY_02,30.0,1.9021,0,0,0.8142
18.35,367,24.4929,-0.3523,0.508,1.5001,0.0037,24.4929,-0.2868,0.4616,1.5,0.013,-0.0912,0.0463,-0.0005,0.0,0.0116,0.003,-0.0829,-0.193,0.101,1,999.0,none,0,0,DEST_BAY_02,30.0,1.9021,0,0,0.8164
18.4,368,24.5584,-0.3158,0.5092,1.4999,0.023,24.5584,-0.2542,0.4625,1.5,0.0115,-0.0878,0.0455,0.0001,0.0,-0.0037,0.0184,-0.3065,0.3092,0.24,1,999.0,none,0,0,DEST_BAY_02,30.0,1.9021,0,0,0.8186
18.45,369,24.6239,-0.2792,0.5094,1.4992,0.0045,24.6239,-0.2215,0.4633,1.5,0.01,-0.0843,0.0459,-0.0001,0.0,-0.0134,0.0036,-0.1927,-0.2965,0.148,1,999.0,none,0,0,DEST_BAY_02,30.0,1.9021,0,0,0.8208
18.5,370,24.6894,-0.2427,0.5107,1.4995,0.0263,24.6894,-0.1888,0.464,1.5,0.0085,-0.0809,0.0455,-0.0008,0.0,0.0061,0.021,0.3894,0.3482,0.116,1,999.0,none,0,0,DEST_BAY_02,30.0,1.9021,0,0,0.823
18.55,371,24.7548,-0.206,0.5115,1.499,0.0143,24.7548,-0.156,0.4645,1.5,0.007,-0.0775,0.0462,-0.0005,0.0,-0.0107,0.0115,-0.3356,-0.1908,0.218,1,999.0,none,0,0,DEST_BAY_02,30.0,1.9021,0,0,0.8252
18.6,372,24.8201,-0.1693,0.5109,1.4991,-0.012,24.8201,-0.1232,0.465,1.5,0.0056,-0.074,0.0465,-0.001,0.0,0.0021,-0.0096,0.2559,-0.4224,0.227,1,999.0,none,0,0,DEST_BAY_02,30.0,1.9021,0,0,0.8273
18.65,373,24.8855,-0.1327,0.5108,1.4994,-0.0017,24.8855,-0.0904,0.4654,1.5,0.0041,-0.0705,0.0455,-0.0009,0.0,0.0052,-0.0013,0.0618,0.1661,0.173,1,999.0,none,0,0,DEST_BAY_02,30.0,1.9021,0,0,0.8295
18.7,374,24.9509,-0.096,0.5106,1.4995,-0.0039,24.9509,-0.0575,0.4656,1.5,0.0026,-0.0671,0.0452,-0.0006,0.0,0.003,-0.0032,-0.044,-0.0362,0.252,1,999.0,none,0,0,DEST_BAY_02,30.0,1.9021,0,0,0.8317
18.75,375,25.0163,-0.0594,0.5107,1.4995,0.0031,25.0163,-0.0247,0.4657,1.5,0.0011,-0.0638,0.0448,-0.0005,0.0,-0.0007,0.0025,-0.0743,0.1122,0.103,1,999.0,none,0,0,DEST_BAY_02,30.0,1.9021,0,0,0.8339
18.8,376,25.0817,-0.0227,0.5107,1.4998,-0.0003,25.0817,0.0082,0.4658,1.5,-0.0004,-0.0604,0.045,-0.0005,0.0,0.006,-0.0003,0.1347,-0.0547,0.296,1,999.0,none,0,0,DEST_BAY_02,30.0,1.9021,0,0,0.8361
18.85,377,25.1472,0.0139,0.5098,1.5001,-0.0181,25.1472,0.0411,0.4657,1.5,-0.0019,-0.057,0.045,-0.0002,0.0,0.0057,-0.0145,-0.0076,-0.2844,0.113,1,999.0,none,0,0,DEST_BAY_02,30.0,1.9021,0,0,0.8382
18.9,378,25.2126,0.0505,0.509,1.501,-0.0159,25.2126,0.074,0.4655,1.5,-0.0033,-0.0536,0.0443,0.0001,0.0,0.0183,-0.0127,0.2536,0.036,0.119,1,999.0,none,0,0,DEST_BAY_02,30.0,1.9021,0,0,0.8404
18.95,379,25.2782,0.0871,0.5078,1.5019,-0.0243,25.2782,0.1068,0.4652,1.5,-0.0048,-0.0503,0.0438,0.001,0.0,0.0172,-0.0194,-0.0236,-0.1344,0.238,1,999.0,none,0,0,DEST_BAY_02,30.0,1.9021,0,0,0.8426
19.0,380,25.3438,0.1236,0.5072,1.5026,-0.0114,25.3438,0.1397,0.4648,1.5,-0.0063,-0.047,0.043,0.0019,0.0,0.0145,-0.0091,-0.0534,0.2055,0.244,1,999.0,none,0,0,DEST_BAY_02,30.0,1.9021,0,0,0.8448
19.05,381,25.4094,0.1601,0.5059,1.5024,-0.0256,25.4094,0.1726,0.4643,1.5,-0.0078,-0.0438,0.043,0.0026,0.0,-0.004,-0.0205,-0.3705,-0.2268,0.275,1,999.0,none,0,0,DEST_BAY_02,30.0,1.9021,0,0,0.847
19.1,382,25.4752,0.1965,0.5045,1.5026,-0.0281,25.4752,0.2054,0.4636,1.5,-0.0093,-0.0406,0.0423,0.0024,0.0,0.0042,-0.0224,0.164,-0.0388,0.185,1,999.0,none,0,0,DEST_BAY_02,30.0,1.9021,0,0,0.8492
19.15,383,25.5409,0.2328,0.503,1.5019,-0.0308,25.5409,0.2383,0.4629,1.5,-0.0108,-0.0374,0.0416,0.0026,0.0,-0.0143,-0.0246,-0.3696,-0.0439,0.258,1,999.0,none,0,0,DEST_BAY_02,30.0,1.9021,0,0,0.8514
19.2,384,25.6067,0.269,0.502,1.5015,-0.0209,25.6067,0.2711,0.4621,1.5,-0.0123,-0.0342,0.0409,0.0019,0.0,-0.0068,-0.0167,0.1503,0.1589,0.269,1,999.0,none,0,0,DEST_BAY_02,30.0,1.9021,0,0,0.8536
19.25,385,25.6725,0.3051,0.5007,1.5018,-0.0248,25.6725,0.3038,0.4611,1.5,-0.0138,-0.0311,0.0409,0.0015,0.0,0.0054,-0.0198,0.245,-0.0625,0.116,1,999.0,none,0,0,DEST_BAY_02,30.0,1.9021,0,0,0.8558
19.3,386,25.7384,0.3412,0.4995,1.5018,-0.0239,25.7384,0.3364,0.46,1.5,-0.0153,-0.028,0.0407,0.0018,0.0,0.0009,-0.0191,-0.0918,0.0141,0.148,1,999.0,none,0,0,DEST_BAY_02,30.0,1.9021,0,0,0.8579
19.35,387,25.8043,0.3772,0.4983,1.4999,-0.0244,25.8043,0.369,0.4589,1.5,-0.0168,-0.025,0.0407,0.0018,0.0,-0.0399,-0.0195,-0.8151,-0.0081,0.298,1,999.0,none,0,0,DEST_BAY_02,30.0,1.9021,0,0,0.8601
19.4,388,25.8702,0.413,0.4965,1.4992,-0.0358,25.8702,0.4015,0.4576,1.5,-0.0183,-0.0219,0.0407,-0.0001,0.0,-0.013,-0.0287,0.5371,-0.1836,0.196,1,999.0,none,0,0,DEST_BAY_02,30.0,1.9021,0,0,0.8623
19.45,389,25.9361,0.4487,0.4946,1.5,-0.0377,25.9361,0.4339,0.4562,1.5,-0.0198,-0.0188,0.0403,-0.0008,0.0,0.0166,-0.0301,0.5935,-0.0288,0.181,1,999.0,none,0,0,DEST_BAY_02,30.0,1.9021,0,0,0.8645
19.5,390,26.0021,0.4843,0.4928,1.5002,-0.0363,26.0021,0.4662,0.4547,1.5,-0.0214,-0.0157,0.04,0.0,0.0,0.0035,-0.0291,-0.263,0.021,0.248,1,999.0,none,0,0,DEST_BAY_02,30.0,1.9021,0,0,0.8667
19.55,391,26.0682,0.5198,0.4913,1.5017,-0.0308,26.0682,0.4984,0.453,1.5,-0.0229,-0.0127,0.0398,0.0002,0.0,0.0289,-0.0246,0.5086,0.0898,0.287,1,999.0,none,0,0,DEST_BAY_02,30.0,1.9021,0,0,0.8689
19.6,392,26.1344,0.5552,0.4888,1.5006,-0.0489,26.1344,0.5305,0.4513,1.5,-0.0244,-0.0096,0.04,0.0017,0.0,-0.0209,-0.0391,-0.9965,-0.2899,0.103,1,999.0,none,0,0,DEST_BAY_02,30.0,1.9021,0,0,0.8711
19.65,393,26.2006,0.5905,0.4863,1.5002,-0.0497,26.2006,0.5625,0.4494,1.5,-0.026,-0.0066,0.0394,0.0006,0.0,-0.008,-0.0397,0.259,-0.0125,0.165,1,999.0,none,0,0,DEST_BAY_02,30.0,1.9021,0,0,0.8734
19.7,394,26.267,0.6255,0.485,1.4999,-0.027,26.267,0.5944,0.4475,1.5,-0.0275,-0.0035,0.0389,0.0002,0.0,-0.0058,-0.0216,0.0432,0.362,0.257,1,999.0,none,0,0,DEST_BAY_02,30.0,1.9021,0,0,0.8756
19.75,395,26.3333,0.6605,0.4819,1.499,-0.062,26.3333,0.6261,0.4454,1.5,-0.0291,-0.0006,0.0396,-0.0001,0.0,-0.0188,-0.0496,-0.2595,-0.5603,0.253,1,999.0,none,0,0,DEST_BAY_02,30.0,1.9021,0,0,0.8778
19.8,396,26.3997,0.6952,0.4793,1.4991,-0.0512,26.3997,0.6577,0.4432,1.5,-0.0306,0.0025,0.0387,-0.001,0.0,0.0032,-0.041,0.4404,0.1731,0.127,1,999.0,none,0,0,DEST_BAY_02,30.0,1.9021,0,0,0.88
19.85,397,26.4662,0.7298,0.4769,1.4995,-0.0492,26.4662,0.6892,0.4409,1.5,-0.0322,0.0055,0.0384,-0.0009,0.0,0.0075,-0.0393,0.0861,0.0324,0.193,1,999.0,none,0,0,DEST_BAY_02,30.0,1.9021,0,0,0.8822
19.9,398,26.5328,0.7642,0.4737,1.4998,-0.0639,26.5328,0.7204,0.4385,1.5,-0.0338,0.0085,0.0384,-0.0005,0.0,0.0065,-0.0511,-0.0212,-0.2354,0.3,1,999.0,none,0,0,DEST_BAY_02,30.0,1.9021,0,0,0.8844
19.95,399,26.5996,0.7984,0.4714,1.4996,-0.046,26.5996,0.7516,0.4359,1.5,-0.0354,0.0114,0.0377,-0.0002,0.0,-0.0056,-0.0368,-0.2413,0.2863,0.135,1,999.0,none,0,0,DEST_BAY_02,30.0,1.9021,0,0,0.8867
20.0,400,26.6664,0.8325,0.4679,1.4991,-0.0696,26.6664,0.7826,0.4333,1.5,-0.037,0.0144,0.0381,-0.0004,0.0,-0.009,-0.0556,-0.068,-0.3767,0.151,1,999.0,none,0,0,DEST_BAY_02,30.0,1.9021,0,0,0.8889
20.05,401,26.7333,0.8663,0.4654,1.4985,-0.05,26.7333,0.8133,0.4305,1.5,-0.0386,0.0174,0.0374,-0.0009,0.0,-0.0117,-0.04,-0.0533,0.3126,0.101,1,999.0,none,0,0,DEST_BAY_02,30.0,1.9021,0,0,0.8911
20.1,402,26.8002,0.8999,0.4619,1.4976,-0.0689,26.8002,0.8439,0.4276,1.5,-0.0402,0.0203,0.0378,-0.0015,0.0,-0.0185,-0.0552,-0.1364,-0.3031,0.244,1,999.0,none,0,0,DEST_BAY_02,30.0,1.9021,0,0,0.8933
20.15,403,26.8673,0.9333,0.4589,1.4971,-0.0607,26.8673,0.8743,0.4246,1.5,-0.0418,0.0233,0.0374,-0.0024,0.0,-0.0108,-0.0486,0.1525,0.1309,0.25,1,999.0,none,0,0,DEST_BAY_02,30.0,1.9021,0,0,0.8956
20.2,404,26.9344,0.9664,0.4559,1.4975,-0.0606,26.9344,0.9045,0.4214,1.5,-0.0434,0.0262,0.0375,-0.0029,0.0,0.0094,-0.0485,0.4043,0.0019,0.207,1,999.0,none,0,0,DEST_BAY_02,30.0,1.9021,0,0,0.8978
20.25,405,27.0016,0.9994,0.4517,1.4996,-0.0842,27.0016,0.9345,0.4182,1.5,-0.045,0.0292,0.0377,-0.0025,0.0,0.042,-0.0673,0.6525,-0.3755,0.223,1,999.0,none,0,0,DEST_BAY_02,30.0,1.9021,0,0,0.9001
20.3,406,27.0691,1.0321,0.4482,1.4988,-0.0702,27.0691,0.9642,0.4148,1.5,-0.0467,0.0322,0.0369,-0.0004,0.0,-0.0159,-0.0562,-1.1573,0.2227,0.186,1,999.0,none,0,0,DEST_BAY_02,30.0,1.9021,0,0,0.9023
20.35,407,27.1366,1.0646,0.4441,1.4984,-0.0804,27.1366,0.9938,0.4113,1.5,-0.0483,0.0351,0.0368,-0.0012,0.0,-0.0086,-0.0643,0.1457,-0.1635,0.22,1,999.0,none,0,0,DEST_BAY_02,30.0,1.9021,0,0,0.9046
20.4,408,27.2043,1.0968,0.4405,1.4976,-0.0721,27.2043,1.0231,0.4077,1.4917,-0.05,0.0381,0.0364,0.0067,0.0,-0.0165,-0.0577,-0.1579,0.1322,0.142,1,999.0,none,0,0,DEST_BAY_02,30.0,1.9021,0,0,0.9068
20.45,409,27.272,1.1287,0.4368,1.4963,-0.0749,27.272,1.0522,0.404,1.4547,-0.0517,0.041,0.0366,0.0429,0.0,-0.0262,-0.06,-0.1938,-0.045,0.221,1,999.0,none,0,0,DEST_BAY_02,30.0,1.9021,0,0,0.9091
20.5,410,27.3398,1.1604,0.4325,1.4905,-0.0847,27.3398,1.081,0.4001,1.4178,-0.0533,0.044,0.0367,0.0785,0.0,-0.1149,-0.0681,-1.7748,-0.1623,0.177,1,999.0,none,0,0,DEST_BAY_02,30.0,1.9021,0,0,0.9113
20.55,411,27.4074,1.1916,0.4287,1.4839,-0.0773,27.4074,1.1095,0.3961,1.3809,-0.055,0.0469,0.0364,0.1097,0.0,-0.1334,-0.0624,-0.3688,0.1137,0.11,1,999.0,none,0,0,DEST_BAY_02,30.0,1.9021,0,0,0.9136
20.6,412,27.4749,1.2224,0.4239,1.4762,-0.0952,27.4749,1.1376,0.392,1.3441,-0.0567,0.0499,0.0366,0.1398,0.0,-0.1542,-0.0772,-0.4178,-0.2962,0.276,1,999.0,none,0,0,DEST_BAY_02,30.0,1.9021,0,0,0.9158
20.65,413,27.5422,1.2528,0.4194,1.4678,-0.09,27.5422,1.1653,0.3878,1.3075,-0.0584,0.0528,0.0361,0.1687,0.0,-0.1668,-0.0734,-0.251,0.0759,0.24,1,999.0,none,0,0,DEST_BAY_02,30.0,1.9021,0,0,0.9181
20.7,414,27.6092,1.2827,0.4149,1.4569,-0.0884,27.6092,1.1927,0.3835,1.2711,-0.0601,0.0558,0.0358,0.1967,0.0,-0.2189,-0.0727,-1.0422,0.0149,0.28,1,999.0,none,0,0,DEST_BAY_02,30.0,1.9021,0,0,0.9203
20.75,415,27.6759,1.312,0.4102,1.4453,-0.0942,27.6759,1.2195,0.3791,1.2349,-0.0618,0.0586,0.0358,0.222,0.0,-0.2322,-0.078,-0.2668,-0.1071,0.12,1,999.0,none,0,0,DEST_BAY_02,30.0,1.9021,0,0,0.9225
20.8,416,27.7422,1.3408,0.406,1.4327,-0.0822,27.7422,1.2459,0.3746,1.1989,-0.0634,0.0615,0.0355,0.2463,0.0,-0.2504,-0.0687,-0.3636,0.1863,0.162,1,999.0,none,0,0,DEST_BAY_02,30.0,1.9021,0,0,0.9247
20.85,417,27.808,1.3691,0.4011,1.4175,-0.0964,27.808,1.2718,0.3701,1.1633,-0.0651,0.0644,0.0359,0.2695,0.0,-0.3053,-0.0814,-1.097,-0.2545,0.139,1,999.0,none,0,0,DEST_BAY_02,30.0,1.9021,0,0,0.9269
20.9,418,27.8732,1.3968,0.3962,1.4018,-0.0975,27.8732,1.2972,0.3654,1.1279,-0.0668,0.0672,0.0357,0.2895,0.0,-0.3127,-0.0832,-0.1478,-0.0358,0.104,1,999.0,none,0,0,DEST_BAY_02,30.0,1.9021,0,0,0.9291
20.95,419,27.9379,1.4239,0.3916,1.3845,-0.0907,27.9379,1.322,0.3607,1.093,-0.0684,0.07,0.0355,0.3088,0.0,-0.3466,-0.0785,-0.6789,0.0951,0.242,1,999.0,none,0,0,DEST_BAY_02,30.0,1.9021,0,0,0.9313
21.0,420,28.0019,1.4503,0.3862,1.3682,-0.1077,28.0019,1.3462,0.3559,1.0584,-0.07,0.0728,0.0357,0.3261,0.0,-0.3265,-0.0942,0.4032,-0.3139,0.185,1,999.0,none,0,0,DEST_BAY_02,30.0,1.9021,0,0,0.9334
21.05,421,28.0652,1.4761,0.381,1.349,-0.1022,28.0652,1.3698,0.3511,1.0243,-0.0716,0.0756,0.0351,0.3439,0.0,-0.3834,-0.0907,-1.1385,0.0699,0.255,1,999.0,none,0,0,DEST_BAY_02,30.0,1.9021,0,0,0.9355
21.1,422,28.1279,1.5011,0.3761,1.3296,-0.096,28.1279,1.3928,0.3462,0.9906,-0.0732,0.0783,0.0348,0.3585,0.0,-0.3884,-0.0865,-0.0999,0.0841,0.155,1,999.0,none,0,0,DEST_BAY_02,30.0,1.9021,0,0,0.9376
21.15,423,28.1897,1.5256,0.3713,1.3093,-0.0946,28.1897,1.4152,0.3413,0.9573,-0.0748,0.081,0.0348,0.3723,0.0,-0.4066,-0.0865,-0.3643,-0.0013,0.194,1,999.0,none,0,0,DEST_BAY_02,30.0,1.9021,0,0,0.9397
21.2,424,28.2507,1.5493,0.3656,1.2875,-0.1124,28.2507,1.437,0.3363,0.9245,-0.0764,0.0836,0.035,0.3847,0.0,-0.4361,-0.1044,-0.5903,-0.3574,0.297,1,999.0,none,0,0,DEST_BAY_02,30.0,1.9021,0,0,0.9417
21.25,425,28.3108,1.5723,0.3604,1.2654,-0.1022,28.3108,1.4582,0.3313,0.8923,-0.0779,0.0862,0.0342,0.3952,0.0,-0.442,-0.0966,-0.1172,0.1553,0.198,1,999.0,none,0,0,DEST_BAY_02,30.0,1.9021,0,0,0.9437
21.3,426,28.37,1.5946,0.3555,1.2426,-0.0951,28.37,1.4787,0.3263,0.8605,-0.0794,0.0887,0.034,0.4048,0.0,-0.4556,-0.0916,-0.2723,0.1002,0.205,1,999.0,none,0,0,DEST_BAY_02,30.0,1.9021,0,0,0.9457
21.35,427,28.4283,1.6163,0.3505,1.219,-0.0998,28.4283,1.4986,0.3213,0.8294,-0.0809,0.0911,0.0342,0.4132,0.0,-0.471,-0.0979,-0.3076,-0.1253,0.194,1,999.0,none,0,0,DEST_BAY_02,30.0,1.9021,0,0,0.9476
21.4,428,28.4855,1.6372,0.3453,1.1972,-0.1015,28.4855,1.5178,0.3163,0.7988,-0.0823,0.0936,0.0341,0.4203,0.0,-0.4376,-0.1014,0.6665,-0.0696,0.284,1,999.0,none,0,0,DEST_BAY_02,30.0,1.9021,0,0,0.9495
21.45,429,28.5418,1.6574,0.3401,1.173,-0.1021,28.5418,1.5364,0.3113,0.7687,-0.0837,0.096,0.0339,0.4284,0.0,-0.483,-0.1041,-0.9078,-0.0539,0.248,1,999.0,none,0,0,DEST_BAY_02,30.0,1.9021,0,0,0.9514
21.5,430,28.5971,1.677,0.3346,1.1479,-0.1065,28.5971,1.5543,0.3064,0.7393,-0.0851,0.0983,0.0337,0.4337,0.0,-0.5028,-0.1109,-0.3946,-0.1361,0.272,1,999.0,none,0,0,DEST_BAY_02,30.0,1.9021,0,0,0.9532
21.55,431,28.6513,1.6959,0.329,1.1219,-0.1102,28.6513,1.5717,0.3014,0.7104,-0.0864,0.1006,0.0333,0.4374,0.0,-0.519,-0.1174,-0.3258,-0.13,0.104,1,999.0,none,0,0,DEST_BAY_02,30.0,1.9021,0,0,0.955
21.6,432,28.7044,1.714,0.3232,1.097,-0.1135,28.7044,1.5884,0.2964,0.6822,-0.0878,0.1028,0.0326,0.4397,0.0,-0.4981,-0.1236,0.418,-0.1237,0.113,1,999.0,none,0,0,DEST_BAY_02,30.0,1.9021,0,0,0.9568
21.65,433,28.7564,1.7314,0.3179,1.0723,-0.1031,28.7564,1.6045,0.2915,0.6546,-0.0891,0.1049,0.0317,0.4424,0.0,-0.4939,-0.1148,0.0843,0.1744,0.185,1,999.0,none,0,0,DEST_BAY_02,30.0,1.9021,0,0,0.9585
21.7,434,28.8074,1.7482,0.3123,1.0461,-0.11,28.8074,1.6199,0.2867,0.6276,-0.0903,0.1069,0.0312,0.4447,0.0,-0.5236,-0.1255,-0.5926,-0.2137,0.115,1,999.0,none,0,0,DEST_BAY_02,30.0,1.9021,0,0,0.9602
21.75,435,28.8571,1.7642,0.3071,1.0225,-0.1021,28.8571,1.6348,0.2819,0.6013,-0.0915,0.1089,0.0304,0.4449,0.0,-0.4723,-0.1192,1.0249,0.1258,0.19,1,999.0,none,0,0,DEST_BAY_02,30.0,1.9021,0,0,0.9619
21.8,436,28.9059,1.7797,0.3015,0.9988,-0.1091,28.9059,1.6491,0.2771,0.5756,-0.0927,0.1107,0.03,0.4469,0.0,-0.4751,-0.1304,-0.0559,-0.2232,0.231,1,999.0,none,0,0,DEST_BAY_02,30.0,1.9021,0,0,0.9635
21.85,437,28.9535,1.7945,0.2959,0.9733,-0.1097,28.9535,1.6628,0.2724,0.5505,-0.0938,0.1125,0.0291,0.4483,0.0,-0.5083,-0.1344,-0.6641,-0.0809,0.174,1,999.0,none,0,0,DEST_BAY_02,30.0,1.9021,0,0,0.9651
21.9,438,29.0001,1.8087,0.2903,0.9475,-0.1083,29.0001,1.676,0.2677,0.526,-0.095,0.1143,0.0282,0.4474,0.0,-0.5177,-0.1363,-0.1875,-0.0372,0.185,1,999.0,none,0,0,DEST_BAY_02,30.0,1.9021,0,0,0.9667
21.95,439,29.0455,1.8223,0.2845,0.9226,-0.1122,29.0455,1.6887,0.2631,0.5021,-0.096,0.1159,0.0272,0.4453,0.0,-0.4968,-0.145,0.4173,-0.1735,0.209,1,999.0,none,0,0,DEST_BAY_02,30.0,1.9021,0,0,0.9682
22.0,440,29.0898,1.8352,0.279,0.8976,-0.1076,29.0898,1.7008,0.2585,0.4789,-0.0971,0.1174,0.026,0.4437,0.0,-0.4996,-0.1428,-0.0561,0.043,0.23,1,999.0,none,0,0,DEST_BAY_02,30.0,1.9021,0,0,0.9697
22.05,441,29.1329,1.8476,0.2731,0.8732,-0.1147,29.1329,1.7124,0.2541,0.4563,-0.0981,0.1189,0.0249,0.4413,0.0,-0.4883,-0.1563,0.2276,-0.2705,0.207,1,999.0,none,0,0,DEST_BAY_02,30.0,1.9021,0,0,0.9711
22.1,442,29.175,1.8593,0.2676,0.8503,-0.1076,29.175,1.7235,0.2497,0.4344,-0.099,0.1202,0.0234,0.4388,0.0,-0.4587,-0.1507,0.5916,0.1125,0.199,1,999.0,none,0,0,DEST_BAY_02,30.0,1.9021,0,0,0.9725
22.15,443,29.216,1.8706,0.2615,0.8254,-0.1181,29.216,1.7341,0.2454,0.4131,-0.1,0.1215,0.0222,0.4372,0.0,-0.4975,-0.17,-0.7765,-0.3858,0.133,1,999.0,none,0,0,DEST_BAY_02,30.0,1.9021,0,0,0.9739
22.2,444,29.2558,1.8813,0.256,0.801,-0.106,29.2558,1.7443,0.2411,0.3923,-0.1009,0.1226,0.0204,0.4331,0.0,-0.4874,-0.1574,0.2027,0.2517,0.241,1,999.0,none,0,0,DEST_BAY_02,30.0,1.9021,0,0,0.9752
22.25,445,29.2946,1.8914,0.2506,0.7784,-0.1065,29.2946,1.754,0.237,0.3722,-0.1018,0.1237,0.0191,0.4288,0.0,-0.4537,-0.1628,0.6728,-0.1068,0.11,1,999.0,none,0,0,DEST_BAY_02,30.0,1.9021,0,0,0.9765
22.3,446,29.3323,1.901,0.2451,0.755,-0.1062,29.3323,1.7633,0.2329,0.3528,-0.1026,0.1246,0.0177,0.4256,0.0,-0.4664,-0.1673,-0.2538,-0.0901,0.148,1,999.0,none,0,0,DEST_BAY_02,30.0,1.9021,0,0,0.9777
22.35,447,29.3689,1.9102,0.2394,0.7328,-0.1104,29.3689,1.7722,0.2289,0.3339,-0.1034,0.1255,0.0162,0.4212,0.0,-0.4447,-0.1788,0.435,-0.2314,0.229,1,999.0,none,0,0,DEST_BAY_02,30.0,1.9021,0,0,0.979
22.4,448,29.4045,1.9189,0.2337,0.7099,-0.11,29.4045,1.7806,0.225,0.3156,-0.1042,0.1263,0.0144,0.4172,0.0,-0.4575,-0.1838,-0.2563,-0.0992,0.174,1,999.0,none,0,0,DEST_BAY_02,30.0,1.9021,0,0,0.9801
22.45,449,29.439,1.9271,0.2282,0.6872,-0.1074,29.439,1.7887,0.2212,0.2979,-0.1049,0.127,0.0125,0.4121,0.0,-0.4545,-0.1854,0.0586,-0.0314,0.209,1,999.0,none,0,0,DEST_BAY_02,30.0,1.9021,0,0,0.9813
22.5,450,29.4725,1.9349,0.2227,0.6665,-0.1056,29.4725,1.7964,0.2175,0.2808,-0.1056,0.1276,0.0107,0.4064,0.0,-0.414,-0.1879,0.8108,-0.0507,0.295,1,999.0,none,0,0,DEST_BAY_02,30.0,1.9021,0,0,0.9824
22.55,451,29.505,1.9422,0.2174,0.6437,-0.1026,29.505,1.8037,0.2138,0.2643,-0.1063,0.1282,0.0089,0.4022,0.0,-0.4565,-0.189,-0.8507,-0.0227,0.292,1,999.0,none,0,0,DEST_BAY_02,30.0,1.9021,0,0,0.9835
22.6,452,29.5364,1.9492,0.2123,0.6212,-0.0991,29.5364,1.8107,0.2103,0.2483,-0.107,0.1286,0.0071,0.3954,0.0,-0.4497,-0.1891,0.136,-0.0008,0.13,1,999.0,none,0,0,DEST_BAY_02,30.0,1.9021,0,0,0.9845
22.65,453,29.5668,1.9557,0.207,0.5997,-0.1025,29.5668,1.8174,0.2068,0.233,-0.1076,0.129,0.0054,0.3882,0.0,-0.4289,-0.2023,0.4166,-0.2655,0.233,1,999.0,none,0,0,DEST_BAY_02,30.0,1.9021,0,0,0.9856
22.7,454,29.5961,1.9619,0.2019,0.5784,-0.0982,29.5961,1.8237,0.2035,0.2183,-0.1082,0.1293,0.0035,0.3815,0.0,-0.4277,-0.201,0.0239,0.0259,0.245,1,999.0,none,0,0,DEST_BAY_02,30.0,1.9021,0,0,0.9865
22.75,455,29.6245,1.9677,0.1968,0.5586,-0.0973,29.6245,1.8297,0.2002,0.2041,-0.1088,0.1296,0.0016,0.3742,0.0,-0.3954,-0.2061,0.6458,-0.1002,0.134,1,999.0,none,0,0,DEST_BAY_02,30.0,1.9021,0,0,0.9875
22.8,456,29.6519,1.9732,0.1917,0.5384,-0.0985,29.6519,1.8354,0.1971,0.2,-0.1093,0.1297,-0.0003,0.3586,0.0,-0.4045,-0.2161,-0.1815,-0.2014,0.133,1,999.0,none,0,0,DEST_BAY_02,30.0,1.9021,0,0,0.9884
22.85,457,29.6783,1.9783,0.1865,0.5204,-0.1009,29.6783,1.8408,0.194,0.2,-0.1099,0.1298,-0.0023,0.3384,0.0,-0.359,-0.2286,0.9094,-0.2495,0.24,1,999.0,none,0,0,DEST_BAY_02,30.0,1.9021,0,0,0.9893
22.9,458,29.7038,1.9831,0.1815,0.5031,-0.097,29.7038,1.846,0.1911,0.2,-0.1104,0.1299,-0.0046,0.3204,0.0,-0.3464,-0.2274,0.2529,0.0234,0.168,1,999.0,none,0,0,DEST_BAY_02,30.0,1.9021,0,0,0.9901
22.95,459,29.7286,1.9877,0.1765,0.4876,-0.0965,29.7286,1.8509,0.1882,0.2,-0.1108,0.1299,-0.0067,0.3031,0.0,-0.3102,-0.2332,0.7241,-0.1148,0.262,1,999.0,none,0,0,DEST_BAY_02,30.0,1.9021,0,0,0.991
23.0,460,29.7526,1.9919,0.1717,0.4724,-0.0932,29.7526,1.8556,0.1854,0.2,-0.1113,0.1298,-0.0089,0.2876,0.0,-0.3041,-0.2324,0.1215,0.0149,0.107,1,999.0,none,0,0,DEST_BAY_02,30.0,1.9021,0,0,0.9918
23.05,461,29.7759,1.996,0.167,0.4584,-0.0914,29.7759,1.86,0.1827,0.2,-0.1117,0.1297,-0.011,0.2724,0.0,-0.2803,-0.2349,0.4762,-0.0486,0.17,1,999.0,none,0,0,DEST_BAY_02,30.0,1.9021,0,0,0.9925
23.1,462,29.7985,1.9998,0.1623,0.4442,-0.0904,29.7985,1.8643,0.18,0.2,-0.1121,0.1295,-0.013,0.2584,0.0,-0.2841,-0.2394,-0.0759,-0.0918,0.165,1,999.0,none,0,0,DEST_BAY_02,30.0,1.9021,0,0,0.9933
23.15,463,29.8204,2.0034,0.1575,0.4297,-0.093,29.8204,1.8684,0.1774,0.2,-0.1125,0.1293,-0.0151,0.2442,0.0,-0.29,-0.2543,-0.118,-0.2962,0.117,1,999.0,none,0,0,DEST_BAY_02,30.0,1.9021,0,0,0.994
23.2,464,29.8416,2.0067,0.1526,0.4158,-0.0948,29.8416,1.8723,0.1749,0.2,-0.1129,0.1291,-0.0174,0.2297,0.0,-0.2763,-0.2669,0.2734,-0.2529,0.289,1,999.0,none,0,0,DEST_BAY_02,30.0,1.9021,0,0,0.9947
23.25,465,29.8621,2.0099,0.1479,0.4034,-0.0923,29.8621,1.876,0.1725,0.2,-0.1133,0.1288,-0.0199,0.2158,0.0,-0.2482,-0.2679,0.5622,-0.0195,0.24,1,999.0,none,0,0,DEST_BAY_02,30.0,1.9021,0,0,0.9954
23.3,466,29.8821,2.0129,0.1434,0.3923,-0.0867,29.8821,1.8796,0.1701,0.2,-0.1137,0.1285,-0.0223,0.2034,0.0,-0.2223,-0.2593,0.5187,0.1715,0.122,1,999.0,none,0,0,DEST_BAY_02,30.0,1.9021,0,0,0.9961
23.35,467,29.9015,2.0157,0.1389,0.3823,-0.0877,29.9015,1.883,0.1678,0.2,-0.114,0.1281,-0.0244,0.1923,0.0,-0.2004,-0.2685,0.4377,-0.1845,0.257,1,999.0,none,0,0,DEST_BAY_02,30.0,1.9021,0,0,0.9967
23.4,468,29.9204,2.0183,0.1343,0.3724,-0.0907,29.9204,1.8862,0.1656,0.2,-0.1143,0.1277,-0.0267,0.1823,0.0,-0.1978,-0.2844,0.0527,-0.3171,0.248,1,999.0,none,0,0,DEST_BAY_02,30.0,1.9021,0,0,0.9973
23.45,469,29.9389,2.0208,0.1296,0.3632,-0.0911,29.9389,1.8894,0.1634,0.2,-0.1146,0.1272,-0.0291,0.1724,0.0,-0.1833,-0.2924,0.2896,-0.1597,0.193,1,999.0,none,0,0,DEST_BAY_02,30.0,1.9021,0,0,0.998
23.5,470,29.9569,2.0232,0.1251,0.3537,-0.0876,29.9569,1.8924,0.1612,0.2,-0.1149,0.1268,-0.0316,0.1632,0.0,-0.1918,-0.2889,-0.1698,0.0703,0.166,1,999.0,none,0,0,DEST_BAY_02,30.0,1.9021,0,0,0.9986
23.55,471,29.9744,2.0254,0.1207,0.345,-0.0849,29.9744,1.8953,0.1591,0.2,-0.1152,0.1262,-0.034,0.1537,0.0,-0.1727,-0.2871,0.3821,0.0357,0.186,1,999.0,none,0,0,DEST_BAY_02,30.0,1.9021,0,0,0.9991
23.6,472,29.9916,2.0274,0.1163,0.337,-0.0871,29.9916,1.8981,0.1571,0.2,-0.1155,0.1257,-0.0363,0.145,0.0,-0.1599,-0.3006,0.2544,-0.2704,0.251,1,999.0,none,0,0,DEST_BAY_02,30.0,1.9021,0,0,0.9997
23.65,473,30.0083,2.0294,0.1121,0.3288,-0.0811,30.0083,1.9008,0.1551,0.2,-0.1158,0.1251,-0.0388,0.137,0.0,-0.1655,-0.2878,-0.1103,0.2556,0.103,1,999.0,none,0,0,DEST_BAY_02,30.0,1.9021,0,0,1.0
