run_id,controller_type,total_time_s,total_distance_m,total_steps,lat_error_max,lat_error_mean,lat_error_rms,lat_error_std,heading_error_max_rad,heading_error_rms_rad,heading_error_max_deg,heading_error_rms_deg,long_error_max,long_error_rms,vel_error_max,vel_error_rms,max_accel_mps2,max_steering_rad,max_steering_deg,accel_jerk_metric,steering_jerk_metric,mpc_time_mean_ms,mpc_time_max_ms,mpc_time_p95_ms,min_obstacle_clearance,collision_count,safety_violation_steps,goal_reaching_error_m,goal_heading_error_deg,route_completion_pct,total_replans,is_destination_reached
exp01_normal_nav_dest1,MPC,23.4,31.815,469,0.0075,0.0035,0.0043,0.0042,0.0056,0.0031,0.321,0.176,0.0,0.0,1.5,0.2257,1.5,0.1526,8.743,2.026,0.032,10.413,13.495,13.236,999.0,0,0,0.0794,0.246,100.0,0,True
exp02_curved_mpc,MPC,23.4,31.815,469,0.0075,0.0035,0.0043,0.0042,0.0056,0.0031,0.321,0.176,0.0,0.0,1.5,0.2257,1.5,0.1526,8.743,2.026,0.032,10.413,13.495,13.236,999.0,0,0,0.0794,0.246,100.0,0,True
exp02_curved_stanley,STANLEY,23.65,32.273,474,0.2456,0.1188,0.1432,0.1427,0.0489,0.0332,2.802,1.905,0.0,0.0,1.5,0.2467,1.617,0.3006,17.223,6.289,0.911,0.198,0.3,0.292,999.0,0,0,0.1276,2.464,100.0,0,False
exp03_static_obstacles,MPC,23.4,31.815,469,0.0075,0.0035,0.0043,0.0042,0.0056,0.0031,0.321,0.176,0.0,0.0,1.5,0.2257,1.5,0.1526,8.743,2.026,0.032,10.413,13.495,13.236,0.2148,0,20,0.0794,0.246,100.0,0,True
exp04_moving_obstacle,MPC,25.0,31.826,501,0.0075,0.0034,0.004,0.004,0.0056,0.0029,0.321,0.166,0.0,0.0,1.5,0.2666,1.5,0.1526,8.743,67.893,0.031,10.424,13.495,13.236,1.2413,0,0,0.0687,0.252,100.0,0,True
exp05_dynamic_replan_mpc,MPC,23.9,32.568,479,0.3871,0.081,0.1338,0.1337,0.2926,0.0839,16.765,4.809,0.0,0.0,1.5,0.2233,1.5,0.4833,27.691,2.026,0.63,10.428,13.495,13.266,0.8867,0,0,0.0799,0.178,100.0,1,True
exp06_multi_dest_A,MPC,19.85,26.451,398,0.0075,0.0033,0.0042,0.0042,0.0056,0.0032,0.321,0.184,0.0,0.0,1.5,0.2451,1.5,0.1526,8.743,2.037,0.026,10.335,13.495,13.231,999.0,0,0,0.0692,0.029,100.0,0,True
exp06_multi_dest_B,MPC,26.85,36.948,538,0.0075,0.0037,0.0045,0.0043,0.0057,0.0034,0.327,0.195,0.0,0.0,1.5,0.2107,1.5,0.1526,8.743,2.028,0.036,10.414,13.495,13.253,999.0,0,0,0.0696,0.195,100.0,0,True
exp07_stress_test,MPC,15.9,31.828,319,0.0109,0.0051,0.0062,0.0061,0.0083,0.0045,0.476,0.256,0.0,0.0,2.2,0.4568,1.5,0.1524,8.732,3.445,0.043,10.339,13.495,13.231,0.0,11,30,0.0716,0.481,100.0,0,True
run_mpc_moving,MPC,24.3,31.812,487,0.0295,0.0047,0.0068,0.0063,0.0682,0.0149,3.908,0.852,0.0,0.0,1.5,0.2775,1.5,0.1546,8.858,13.13,1.428,2.154,14.194,4.078,1.2063,0,0,0.0865,3.879,100.0,0,True
run_mpc_normal,MPC,4.95,6.621,100,0.0143,0.004,0.0058,0.0053,0.017,0.0077,0.974,0.442,0.0,0.0,1.5,0.6766,1.5,0.1528,8.755,5.931,0.03,105.038,156.49,150.644,999.0,0,0,23.7577,0.069,20.8,0,False
run_mpc_replan,MPC,24.55,32.181,492,0.0281,0.0048,0.0068,0.0066,0.0677,0.0149,3.879,0.853,0.0,0.0,1.5,0.2761,1.5,0.3994,22.884,12.949,1.747,2.166,30.543,3.648,0.4104,0,15,0.0839,3.85,100.0,1,True
run_stanley_curved,STANLEY,23.6,32.126,473,0.2122,0.1023,0.1236,0.1232,0.0432,0.0287,2.475,1.642,0.0,0.0,1.5,0.2252,1.5,0.2392,13.705,3.108,0.26,0.011,0.068,0.02,999.0,0,0,0.0839,1.003,100.0,0,True
run_stanley_moving,STANLEY,23.6,32.126,473,0.2122,0.1023,0.1236,0.1232,0.0432,0.0287,2.475,1.642,0.0,0.0,1.5,0.2252,1.5,0.2392,13.705,3.108,0.26,0.005,0.039,0.01,1.089,0,0,0.0839,1.003,100.0,0,True
